,max_depth,max_features,max_leaf_nodes,n_estimators,oob_score,fit_time,target
240,3.0,sqrt,256.0,10,True,0.008723258972167969,-0.023032846746828123
32,2.0,log2,64.0,10,True,0.008083248138427734,-0.02264457888945836
169,3.0,log2,128.0,10,False,0.007542657852172852,-0.02244365163640328
1,2.0,log2,4.0,10,False,0.008185362815856934,-0.02235399299111698
769,8.0,log2,4.0,10,False,0.009824824333190919,-0.02227460027995498
449,5.0,sqrt,4.0,10,False,0.007715797424316407,-0.021893290281513645
64,2.0,sqrt,4.0,10,True,0.008802151679992676,-0.021761698749823054
1089,10.0,sqrt,4.0,10,False,0.007830357551574707,-0.021745265915144727
120,2.0,sqrt,,10,True,0.008939886093139648,-0.021714765509006386
832,8.0,sqrt,4.0,10,True,0.008261632919311524,-0.021582864027849886
124,2.0,sqrt,,50,True,0.040427327156066895,-0.02152444197715876
377,4.0,sqrt,,10,False,0.0076296329498291016,-0.021502870467092417
59,2.0,log2,,25,False,0.01905062198638916,-0.021458522249010667
125,2.0,sqrt,,50,False,0.03829855918884277,-0.021449199395062242
0,2.0,log2,4.0,10,True,0.009369945526123047,-0.021265606861580036
58,2.0,log2,,25,True,0.020834064483642577,-0.02124733589523144
62,2.0,log2,,100,True,0.07844879627227783,-0.021221162876307292
641,7.0,log2,4.0,10,False,0.0077562093734741214,-0.021165138797440558
126,2.0,sqrt,,100,True,0.07882709503173828,-0.02115981249924879
127,2.0,sqrt,,100,False,0.07262089252471923,-0.021150673855943984
56,2.0,log2,,10,True,0.008571481704711914,-0.0211280940859031
91,2.0,sqrt,32.0,25,False,0.019637084007263182,-0.02112249343474124
40,2.0,log2,128.0,10,True,0.008406758308410645,-0.021106999580298078
130,3.0,log2,4.0,25,True,0.020557427406311037,-0.021067002763409018
192,3.0,sqrt,4.0,10,True,0.008459115028381347,-0.021042492104717172
61,2.0,log2,,50,False,0.037336182594299314,-0.02103742341644091
323,4.0,sqrt,4.0,25,False,0.019098353385925294,-0.020990078452365207
121,2.0,sqrt,,10,False,0.007661843299865722,-0.020977436574473835
321,4.0,sqrt,4.0,10,False,0.007427501678466797,-0.020915368270919762
961,9.0,sqrt,4.0,10,False,0.007767415046691895,-0.020864292523386892
898,9.0,log2,4.0,25,True,0.020240402221679686,-0.02086156772789097
259,4.0,log2,4.0,25,False,0.018942618370056154,-0.020861213857780007
80,2.0,sqrt,16.0,10,True,0.008405566215515137,-0.020844756916553984
123,2.0,sqrt,,25,False,0.018504977226257324,-0.02084415422920737
60,2.0,log2,,50,True,0.04005167484283447,-0.020805829358996924
97,2.0,sqrt,64.0,10,False,0.008292865753173829,-0.020800701987586205
63,2.0,log2,,100,False,0.07356986999511719,-0.020791557630790193
1154,,log2,4.0,25,True,0.020635390281677247,-0.020783093961238695
256,4.0,log2,4.0,10,True,0.009488606452941894,-0.020776191761721373
257,4.0,log2,4.0,10,False,0.008467793464660645,-0.02075609830254087
709,7.0,sqrt,4.0,50,False,0.03774383068084717,-0.020753768834208625
707,7.0,sqrt,4.0,25,False,0.019202041625976562,-0.02072343234499795
10,2.0,log2,8.0,25,True,0.02129044532775879,-0.020680866306663916
897,9.0,log2,4.0,10,False,0.007460355758666992,-0.020669128896385416
1024,10.0,log2,4.0,10,True,0.00830984115600586,-0.020655069959097758
835,8.0,sqrt,4.0,25,False,0.019017601013183595,-0.02064798708805651
833,8.0,sqrt,4.0,10,False,0.007462882995605468,-0.02063126759423734
1091,10.0,sqrt,4.0,25,False,0.019147467613220216,-0.0205723221200083
90,2.0,sqrt,32.0,25,True,0.020616912841796876,-0.0205631551026251
518,6.0,log2,4.0,100,True,0.07854671478271484,-0.020562001146132276
385,5.0,log2,4.0,10,False,0.007371091842651367,-0.020482996962272876
448,5.0,sqrt,4.0,10,True,0.009117555618286134,-0.020444804930593308
451,5.0,sqrt,4.0,25,False,0.019991302490234376,-0.020431107580357835
34,2.0,log2,64.0,25,True,0.019959735870361327,-0.02034406201510003
161,3.0,log2,64.0,10,False,0.007998323440551758,-0.02033424702899387
964,9.0,sqrt,4.0,50,True,0.04028840065002441,-0.020326356933826038
1152,,log2,4.0,10,True,0.008334207534790038,-0.020325436616186417
3,2.0,log2,4.0,25,False,0.019068574905395506,-0.020317839211307313
834,8.0,sqrt,4.0,25,True,0.02021470069885254,-0.0203157580962352
896,9.0,log2,4.0,10,True,0.008624601364135741,-0.020313213682927836
328,4.0,sqrt,8.0,10,True,0.0088348388671875,-0.020286064966523933
18,2.0,log2,16.0,25,True,0.019709157943725585,-0.02027921307091863
57,2.0,log2,,10,False,0.007710838317871093,-0.02027733489879037
17,2.0,log2,16.0,10,False,0.007817912101745605,-0.020251669660351055
1158,,log2,4.0,100,True,0.07895615100860595,-0.020215060695980603
708,7.0,sqrt,4.0,50,True,0.04014599323272705,-0.02019886824952053
6,2.0,log2,4.0,100,True,0.08040158748626709,-0.020180017049106394
184,3.0,log2,,10,True,0.008532142639160157,-0.02015145632569846
772,8.0,log2,4.0,50,True,0.040283703804016115,-0.020143931163853247
899,9.0,log2,4.0,25,False,0.019271278381347658,-0.020137803875615024
387,5.0,log2,4.0,25,False,0.018956828117370605,-0.02013580754000583
135,3.0,log2,4.0,100,False,0.07537274360656739,-0.020074390634326533
73,2.0,sqrt,8.0,10,False,0.00855114459991455,-0.020074014090275077
122,2.0,sqrt,,25,True,0.0204270601272583,-0.020071671755947124
1094,10.0,sqrt,4.0,100,True,0.07931597232818603,-0.020067924612115515
1090,10.0,sqrt,4.0,25,True,0.021460604667663575,-0.020061578580385955
5,2.0,log2,4.0,50,False,0.039266419410705564,-0.020060439107029263
1030,10.0,log2,4.0,100,True,0.0783850908279419,-0.020038732873823427
517,6.0,log2,4.0,50,False,0.03725886344909668,-0.020031189623273944
389,5.0,log2,4.0,50,False,0.03747677803039551,-0.020013355681066547
454,5.0,sqrt,4.0,100,True,0.08110370635986328,-0.020006042307109954
113,2.0,sqrt,256.0,10,False,0.0074623823165893555,-0.020005125507838912
98,2.0,sqrt,64.0,25,True,0.020804500579833983,-0.019983237238339193
580,6.0,sqrt,4.0,50,True,0.04151914119720459,-0.019944030126140447
35,2.0,log2,64.0,25,False,0.01850144863128662,-0.01994287769249382
582,6.0,sqrt,4.0,100,True,0.07833473682403565,-0.01993355110634286
770,8.0,log2,4.0,25,True,0.02024836540222168,-0.019905105824767858
369,4.0,sqrt,256.0,10,False,0.007785677909851074,-0.019899407250449128
260,4.0,log2,4.0,50,True,0.04109499454498291,-0.019894398922909697
576,6.0,sqrt,4.0,10,True,0.00852794647216797,-0.01988157243963316
199,3.0,sqrt,4.0,100,False,0.07322459220886231,-0.019862188721375955
114,2.0,sqrt,256.0,25,True,0.020572590827941894,-0.019857571339845753
70,2.0,sqrt,4.0,100,True,0.07820346355438232,-0.019852553876522086
768,8.0,log2,4.0,10,True,0.008094692230224609,-0.019852114752729633
388,5.0,log2,4.0,50,True,0.0418168306350708,-0.01984663416064603
106,2.0,sqrt,128.0,25,True,0.02249138355255127,-0.019844484263951325
261,4.0,log2,4.0,50,False,0.03818023204803467,-0.01983793714267325
250,3.0,sqrt,,25,True,0.020736265182495116,-0.019820866492324767
1093,10.0,sqrt,4.0,50,False,0.037460708618164064,-0.019809906281458758
93,2.0,sqrt,32.0,50,False,0.038168907165527344,-0.019808738832839345
1216,,sqrt,4.0,10,True,0.008265018463134766,-0.019794037291490978
43,2.0,log2,128.0,25,False,0.019239115715026855,-0.019790514350452475
69,2.0,sqrt,4.0,50,False,0.03738129138946533,-0.019788949870511066
29,2.0,log2,32.0,50,False,0.03646540641784668,-0.019782359230729386
7,2.0,log2,4.0,100,False,0.07425918579101562,-0.019779597196330358
233,3.0,sqrt,128.0,10,False,0.007567596435546875,-0.01977957154907051
160,3.0,log2,64.0,10,True,0.008756923675537109,-0.019772256947180447
386,5.0,log2,4.0,25,True,0.021043729782104493,-0.019767096844290274
190,3.0,log2,,100,True,0.082358980178833,-0.019767009413465805
66,2.0,sqrt,4.0,25,True,0.02017791271209717,-0.019759402069096228
320,4.0,sqrt,4.0,10,True,0.008974289894104004,-0.019755404306847517
67,2.0,sqrt,4.0,25,False,0.018973469734191895,-0.019751323625172353
133,3.0,log2,4.0,50,False,0.038823628425598146,-0.019746880766096108
640,7.0,log2,4.0,10,True,0.008587074279785157,-0.019745085406937146
646,7.0,log2,4.0,100,True,0.07876045703887939,-0.019744118506487784
129,3.0,log2,4.0,10,False,0.008131599426269532,-0.019729694633994252
577,6.0,sqrt,4.0,10,False,0.007429146766662597,-0.019726206276088835
52,2.0,log2,256.0,50,True,0.0410801887512207,-0.019725130114920424
47,2.0,log2,128.0,100,False,0.07325310707092285,-0.019717000476543033
706,7.0,sqrt,4.0,25,True,0.02066636085510254,-0.019714189708543838
771,8.0,log2,4.0,25,False,0.019151806831359863,-0.01970867929374374
390,5.0,log2,4.0,100,True,0.07971477508544922,-0.019706406587785597
131,3.0,log2,4.0,25,False,0.01932957172393799,-0.0197060583403832
37,2.0,log2,64.0,50,False,0.03829524517059326,-0.019692397541665862
96,2.0,sqrt,64.0,10,True,0.008211541175842284,-0.019688590199819635
87,2.0,sqrt,16.0,100,False,0.07441463470458984,-0.01968397304415683
258,4.0,log2,4.0,25,True,0.022875547409057617,-0.01967233839390916
645,7.0,log2,4.0,50,False,0.03735527992248535,-0.01967124211447852
71,2.0,sqrt,4.0,100,False,0.07357876300811768,-0.019661017377094036
900,9.0,log2,4.0,50,True,0.04012651443481445,-0.019653432792364797
8,2.0,log2,8.0,10,True,0.008126783370971679,-0.01965101126812362
1092,10.0,sqrt,4.0,50,True,0.04090707302093506,-0.01964984031977887
391,5.0,log2,4.0,100,False,0.07501716613769531,-0.019649217970715553
1095,10.0,sqrt,4.0,100,False,0.0736048698425293,-0.019641501823082518
903,9.0,log2,4.0,100,False,0.07320108413696289,-0.01962646740729807
195,3.0,sqrt,4.0,25,False,0.019908761978149413,-0.019625027771175203
1157,,log2,4.0,50,False,0.038361430168151855,-0.019609556865707208
838,8.0,sqrt,4.0,100,True,0.07978458404541015,-0.019599243537424996
960,9.0,sqrt,4.0,10,True,0.009022259712219238,-0.01959868760315395
88,2.0,sqrt,32.0,10,True,0.00850834846496582,-0.01959850868565
1033,10.0,log2,8.0,10,False,0.009114909172058105,-0.019588227679180722
322,4.0,sqrt,4.0,25,True,0.020319747924804687,-0.01957734058593984
504,5.0,sqrt,,10,True,0.008744168281555175,-0.019576998350135297
1223,,sqrt,4.0,100,False,0.0760308027267456,-0.01957605740573793
327,4.0,sqrt,4.0,100,False,0.07340192794799805,-0.019570204493387616
1159,,log2,4.0,100,False,0.07410075664520263,-0.019568431036761664
647,7.0,log2,4.0,100,False,0.0737994909286499,-0.019564248535596532
514,6.0,log2,4.0,25,True,0.020867919921875,-0.01956415937065747
505,5.0,sqrt,,10,False,0.008576607704162598,-0.019559764399683356
453,5.0,sqrt,4.0,50,False,0.03831615447998047,-0.01955332167379973
197,3.0,sqrt,4.0,50,False,0.03729147911071777,-0.019551876325180233
644,7.0,log2,4.0,50,True,0.040455079078674315,-0.019543223976625314
193,3.0,sqrt,4.0,10,False,0.007479953765869141,-0.01953074529366908
1219,,sqrt,4.0,25,False,0.01955907344818115,-0.019526076929405722
263,4.0,log2,4.0,100,False,0.07493405342102051,-0.019525650227241523
101,2.0,sqrt,64.0,50,False,0.03777792453765869,-0.019517651596013253
1217,,sqrt,4.0,10,False,0.007798957824707031,-0.019497587845171645
196,3.0,sqrt,4.0,50,True,0.04228637218475342,-0.019489071191807754
775,8.0,log2,4.0,100,False,0.07409276962280273,-0.01948603865985237
68,2.0,sqrt,4.0,50,True,0.041422343254089354,-0.019480022825849357
966,9.0,sqrt,4.0,100,True,0.07864153385162354,-0.019474837322507786
28,2.0,log2,32.0,50,True,0.03941254615783692,-0.019461280390485
710,7.0,sqrt,4.0,100,True,0.07932898998260499,-0.019432556696661208
22,2.0,log2,16.0,100,True,0.07809998989105224,-0.019430638826642702
11,2.0,log2,8.0,25,False,0.01933128833770752,-0.019426245525110197
967,9.0,sqrt,4.0,100,False,0.0730757474899292,-0.01942355385741277
1222,,sqrt,4.0,100,True,0.07894775867462159,-0.01942032703808028
4,2.0,log2,4.0,50,True,0.04277455806732178,-0.019417296184269222
89,2.0,sqrt,32.0,10,False,0.008216643333435058,-0.019416251814484958
36,2.0,log2,64.0,50,True,0.039786577224731445,-0.019398854962989237
16,2.0,log2,16.0,10,True,0.0087355375289917,-0.019397792959897835
21,2.0,log2,16.0,50,False,0.03660647869110108,-0.019396892507013735
134,3.0,log2,4.0,100,True,0.07950167655944824,-0.019396614564277388
117,2.0,sqrt,256.0,50,False,0.03852026462554932,-0.01939374690316343
104,2.0,sqrt,128.0,10,True,0.008603549003601075,-0.01939320307682259
72,2.0,sqrt,8.0,10,True,0.008199977874755859,-0.019388860116329933
262,4.0,log2,4.0,100,True,0.07903075218200684,-0.01938862341741755
1156,,log2,4.0,50,True,0.04039642810821533,-0.019386438466791427
1155,,log2,4.0,25,False,0.01916215419769287,-0.01938635449832546
23,2.0,log2,16.0,100,False,0.07347960472106933,-0.019371358909273936
75,2.0,sqrt,8.0,25,False,0.019542622566223144,-0.019368995666620134
48,2.0,log2,256.0,10,True,0.008101177215576173,-0.01936756136561779
65,2.0,sqrt,4.0,10,False,0.007779622077941894,-0.019353667455520036
578,6.0,sqrt,4.0,25,True,0.020707154273986818,-0.01932461436914704
255,3.0,sqrt,,100,False,0.07569565773010253,-0.019323146061901088
115,2.0,sqrt,256.0,25,False,0.01926255226135254,-0.01931355056432151
325,4.0,sqrt,4.0,50,False,0.03791937828063965,-0.019312140927922675
51,2.0,log2,256.0,25,False,0.019084620475769042,-0.019309786713893433
513,6.0,log2,4.0,10,False,0.007982134819030762,-0.0193073136778936
583,6.0,sqrt,4.0,100,False,0.0735515832901001,-0.01930296668715517
53,2.0,log2,256.0,50,False,0.0389878511428833,-0.01930079793311517
108,2.0,sqrt,128.0,50,True,0.04075987339019775,-0.019292088324525523
455,5.0,sqrt,4.0,100,False,0.07604990005493165,-0.019288759363822242
187,3.0,log2,,25,False,0.01977236270904541,-0.01928141006952405
128,3.0,log2,4.0,10,True,0.00842599868774414,-0.01928051648785911
103,2.0,sqrt,64.0,100,False,0.07440011501312256,-0.019279102639215725
519,6.0,log2,4.0,100,False,0.07451322078704833,-0.019277378161939016
254,3.0,sqrt,,100,True,0.08569393157958985,-0.019277166013555877
324,4.0,sqrt,4.0,50,True,0.04063360691070557,-0.019271675618205877
1153,,log2,4.0,10,False,0.007399821281433105,-0.01926945076261245
962,9.0,sqrt,4.0,25,True,0.021105194091796876,-0.01926291066771623
1221,,sqrt,4.0,50,False,0.03763456344604492,-0.019261257175371013
839,8.0,sqrt,4.0,100,False,0.07566609382629394,-0.019259147313023323
902,9.0,log2,4.0,100,True,0.07970144748687744,-0.019257491882550107
95,2.0,sqrt,32.0,100,False,0.07456915378570557,-0.019252529833359733
642,7.0,log2,4.0,25,True,0.022206878662109374,-0.019251669469545422
78,2.0,sqrt,8.0,100,True,0.08071308135986328,-0.019243932617333686
2,2.0,log2,4.0,25,True,0.021012163162231444,-0.019237861653834766
107,2.0,sqrt,128.0,25,False,0.02181401252746582,-0.01923756950107626
77,2.0,sqrt,8.0,50,False,0.03944594860076904,-0.019223147912762657
704,7.0,sqrt,4.0,10,True,0.008299803733825684,-0.01921897352400228
153,3.0,log2,32.0,10,False,0.007817482948303223,-0.019201272585344653
74,2.0,sqrt,8.0,25,True,0.021892070770263672,-0.0191888937945704
1031,10.0,log2,4.0,100,False,0.07582528591156006,-0.019187220348474893
46,2.0,log2,128.0,100,True,0.07853748798370361,-0.01915909454411251
963,9.0,sqrt,4.0,25,False,0.01940498352050781,-0.019157675217219585
14,2.0,log2,8.0,100,True,0.08403584957122803,-0.01914978566479557
201,3.0,sqrt,8.0,10,False,0.007708859443664551,-0.019148673137816152
137,3.0,log2,8.0,10,False,0.007626867294311524,-0.01914774374373052
152,3.0,log2,32.0,10,True,0.00868535041809082,-0.019143509857959994
163,3.0,log2,64.0,25,False,0.01935703754425049,-0.01913198925673145
191,3.0,log2,,100,False,0.0777552843093872,-0.019120541095666382
200,3.0,sqrt,8.0,10,True,0.008738231658935548,-0.01909247991472704
326,4.0,sqrt,4.0,100,True,0.07887873649597169,-0.019084152958463864
711,7.0,sqrt,4.0,100,False,0.07513642311096191,-0.019083463195032006
31,2.0,log2,32.0,100,False,0.07245924472808837,-0.019080224141075606
1218,,sqrt,4.0,25,True,0.020381402969360352,-0.01907996684225319
360,4.0,sqrt,128.0,10,True,0.010058355331420899,-0.019074631487754262
837,8.0,sqrt,4.0,50,False,0.0375582218170166,-0.019073351051002486
452,5.0,sqrt,4.0,50,True,0.04186201095581055,-0.0190695390688957
38,2.0,log2,64.0,100,True,0.08306725025177002,-0.019056541676431463
39,2.0,log2,64.0,100,False,0.07693583965301513,-0.019041331684474645
253,3.0,sqrt,,50,False,0.03898487091064453,-0.019040125186248244
116,2.0,sqrt,256.0,50,True,0.04036509990692139,-0.01903394301921715
280,4.0,log2,32.0,10,True,0.009006905555725097,-0.01901819550960281
353,4.0,sqrt,64.0,10,False,0.008287906646728516,-0.019014383727076548
30,2.0,log2,32.0,100,True,0.07802679538726806,-0.01901275477557799
965,9.0,sqrt,4.0,50,False,0.03760387897491455,-0.019011789520203038
249,3.0,sqrt,,10,False,0.007516050338745117,-0.019002214989798958
384,5.0,log2,4.0,10,True,0.008524823188781738,-0.019000961276161004
194,3.0,sqrt,4.0,25,True,0.02075085639953613,-0.01899879305415069
1028,10.0,log2,4.0,50,True,0.04049105644226074,-0.01899542721422917
643,7.0,log2,4.0,25,False,0.019117093086242674,-0.01899422061696657
186,3.0,log2,,25,True,0.021803402900695802,-0.018993722571009237
118,2.0,sqrt,256.0,100,True,0.07995641231536865,-0.018992816300712805
20,2.0,log2,16.0,50,True,0.03924627304077148,-0.018984983684584837
581,6.0,sqrt,4.0,50,False,0.03745100498199463,-0.01898200586679278
203,3.0,sqrt,8.0,25,False,0.01913440227508545,-0.018974367783652704
568,6.0,log2,,10,True,0.009599590301513672,-0.018968181866755352
901,9.0,log2,4.0,50,False,0.03810231685638428,-0.018954881953864078
86,2.0,sqrt,16.0,100,True,0.07944107055664062,-0.01894646293486072
94,2.0,sqrt,32.0,100,True,0.07990338802337646,-0.01894558896188085
44,2.0,log2,128.0,50,True,0.04042239189147949,-0.018943577867988164
84,2.0,sqrt,16.0,50,True,0.04029295444488525,-0.01894219708093052
15,2.0,log2,8.0,100,False,0.07965028285980225,-0.018938559368526252
119,2.0,sqrt,256.0,100,False,0.07449495792388916,-0.018938247083179295
105,2.0,sqrt,128.0,10,False,0.007456231117248535,-0.018936702858501
252,3.0,sqrt,,50,True,0.0412409782409668,-0.018936594258441134
344,4.0,sqrt,32.0,10,True,0.009087419509887696,-0.01893127912578457
198,3.0,sqrt,4.0,100,True,0.08009655475616455,-0.01891471403043957
1027,10.0,log2,4.0,25,False,0.019340038299560547,-0.01890375155277453
54,2.0,log2,256.0,100,True,0.07887704372406006,-0.018888452329549225
25,2.0,log2,32.0,10,False,0.00743408203125,-0.018886843190920356
85,2.0,sqrt,16.0,50,False,0.0381206750869751,-0.018882744476804856
9,2.0,log2,8.0,10,False,0.008240437507629395,-0.018879179245520114
450,5.0,sqrt,4.0,25,True,0.02153325080871582,-0.01886205169081353
111,2.0,sqrt,128.0,100,False,0.07456722259521484,-0.01885716644074829
773,8.0,log2,4.0,50,False,0.037129759788513184,-0.018856146819830805
132,3.0,log2,4.0,50,True,0.04069476127624512,-0.01884517690664131
26,2.0,log2,32.0,25,True,0.019989824295043944,-0.018832652638630553
24,2.0,log2,32.0,10,True,0.0084611177444458,-0.018826217743882354
76,2.0,sqrt,8.0,50,True,0.041493010520935056,-0.01881510633242681
1220,,sqrt,4.0,50,True,0.04130611419677734,-0.01880633651261066
516,6.0,log2,4.0,50,True,0.039834451675415036,-0.018803939007062325
188,3.0,log2,,50,True,0.04199037551879883,-0.01878280512753933
515,6.0,log2,4.0,25,False,0.018906044960021972,-0.018760028530474513
79,2.0,sqrt,8.0,100,False,0.07548708915710449,-0.0187597794051282
712,7.0,sqrt,8.0,10,True,0.008876514434814454,-0.018758523800177677
102,2.0,sqrt,64.0,100,True,0.0790982723236084,-0.018757512305107773
33,2.0,log2,64.0,10,False,0.009349608421325683,-0.018747907498048434
1026,10.0,log2,4.0,25,True,0.020499420166015626,-0.01873209296877359
1029,10.0,log2,4.0,50,False,0.038262248039245605,-0.01871799385889205
251,3.0,sqrt,,25,False,0.019222092628479005,-0.018717571411684092
836,8.0,sqrt,4.0,50,True,0.040392732620239256,-0.01871476224040312
329,4.0,sqrt,8.0,10,False,0.007893538475036621,-0.01870230556392906
50,2.0,log2,256.0,25,True,0.020776534080505372,-0.018695889452013087
19,2.0,log2,16.0,25,False,0.018483567237854003,-0.018686689995028587
376,4.0,sqrt,,10,True,0.008778619766235351,-0.01867548720199119
55,2.0,log2,256.0,100,False,0.074275541305542,-0.018667453369841366
112,2.0,sqrt,256.0,10,True,0.008634448051452637,-0.018644568161629568
1088,10.0,sqrt,4.0,10,True,0.008370256423950196,-0.018634000310807874
27,2.0,log2,32.0,25,False,0.018575453758239747,-0.018623965630161565
139,3.0,log2,8.0,25,False,0.021002197265625,-0.018622156126847773
109,2.0,sqrt,128.0,50,False,0.038036894798278806,-0.018586604431470893
209,3.0,sqrt,16.0,10,False,0.00756540298461914,-0.018581920858736074
13,2.0,log2,8.0,50,False,0.04149098396301269,-0.018579197831086684
569,6.0,log2,,10,False,0.008311700820922852,-0.018572484937188844
774,8.0,log2,4.0,100,True,0.07830851078033448,-0.018557872550435558
99,2.0,sqrt,64.0,25,False,0.0192521333694458,-0.01854365491311053
248,3.0,sqrt,,10,True,0.008620119094848633,-0.018534816784622717
211,3.0,sqrt,16.0,25,False,0.019841599464416503,-0.01851891302127932
100,2.0,sqrt,64.0,50,True,0.040814661979675294,-0.01851099932331678
92,2.0,sqrt,32.0,50,True,0.04106757640838623,-0.018468186363192824
345,4.0,sqrt,32.0,10,False,0.008031797409057618,-0.018449123399006766
236,3.0,sqrt,128.0,50,True,0.04168400764465332,-0.018440330072589124
216,3.0,sqrt,32.0,10,True,0.008957934379577637,-0.018414655745451786
705,7.0,sqrt,4.0,10,False,0.007400321960449219,-0.01841186562199247
1240,,sqrt,32.0,10,True,0.009032535552978515,-0.018390513583572816
579,6.0,sqrt,4.0,25,False,0.018871641159057616,-0.018382497224270353
82,2.0,sqrt,16.0,25,True,0.021485185623168944,-0.018366972891796927
42,2.0,log2,128.0,25,True,0.020604419708251952,-0.01834167102020503
83,2.0,sqrt,16.0,25,False,0.019483184814453124,-0.018341208268061536
12,2.0,log2,8.0,50,True,0.04089035987854004,-0.018327183680687094
237,3.0,sqrt,128.0,50,False,0.03801348209381104,-0.018311120735691463
425,5.0,log2,128.0,10,False,0.008344507217407227,-0.018302009583628997
224,3.0,sqrt,64.0,10,True,0.009434175491333009,-0.018273860169703688
490,5.0,sqrt,128.0,25,True,0.02192709445953369,-0.01826979644759397
145,3.0,log2,16.0,10,False,0.007720041275024414,-0.018253480576638996
110,2.0,sqrt,128.0,100,True,0.07926433086395264,-0.018246949811877067
81,2.0,sqrt,16.0,10,False,0.008993291854858398,-0.01822902058164576
480,5.0,sqrt,64.0,10,True,0.009056162834167481,-0.018118899424240553
264,4.0,log2,8.0,10,True,0.008626031875610351,-0.01810849520859654
1009,9.0,sqrt,256.0,10,False,0.00995650291442871,-0.018078344762536457
241,3.0,sqrt,256.0,10,False,0.0075091361999511715,-0.01807454799246044
189,3.0,log2,,50,False,0.03874452114105224,-0.01807156589870546
185,3.0,log2,,10,False,0.007514071464538574,-0.018060421427913424
1032,10.0,log2,8.0,10,True,0.00861685276031494,-0.01804248382256659
457,5.0,sqrt,8.0,10,False,0.007553195953369141,-0.018019933188565592
168,3.0,log2,128.0,10,True,0.008714056015014649,-0.01800558440845215
235,3.0,sqrt,128.0,25,False,0.019736576080322265,-0.017986942656597966
178,3.0,log2,256.0,25,True,0.021289420127868653,-0.017958169877095767
304,4.0,log2,256.0,10,True,0.00902860164642334,-0.01794344312795109
242,3.0,sqrt,256.0,25,True,0.020866203308105468,-0.017939357879926565
45,2.0,log2,128.0,50,False,0.03785939216613769,-0.017925744299316836
361,4.0,sqrt,128.0,10,False,0.008507800102233887,-0.017907292811117772
213,3.0,sqrt,16.0,50,False,0.03858175277709961,-0.017905274547119553
49,2.0,log2,256.0,10,False,0.008176708221435547,-0.0179034059872155
648,7.0,log2,8.0,10,True,0.008802556991577148,-0.017884604933720235
585,6.0,sqrt,8.0,10,False,0.00846693515777588,-0.017854239174714036
234,3.0,sqrt,128.0,25,True,0.021240925788879393,-0.0178284763188777
665,7.0,log2,32.0,10,False,0.007875347137451172,-0.017812677709458363
714,7.0,sqrt,8.0,25,True,0.02078733444213867,-0.017791462886738604
433,5.0,log2,256.0,10,False,0.007848215103149415,-0.01778344490279031
244,3.0,sqrt,256.0,50,True,0.04224092960357666,-0.017782067785412234
138,3.0,log2,8.0,25,True,0.021844005584716795,-0.01777906750045888
379,4.0,sqrt,,25,False,0.02107980251312256,-0.017777546397881854
144,3.0,log2,16.0,10,True,0.009094715118408203,-0.01775831857483008
312,4.0,log2,,10,True,0.00868816375732422,-0.01775618308314975
148,3.0,log2,16.0,50,True,0.042014551162719724,-0.01774918475156336
512,6.0,log2,4.0,10,True,0.008178377151489257,-0.01774388329485546
1160,,log2,8.0,10,True,0.008963894844055176,-0.01774385056436788
214,3.0,sqrt,16.0,100,True,0.08122353553771973,-0.01772597696068269
1025,10.0,log2,4.0,10,False,0.0093231201171875,-0.017725320091633096
223,3.0,sqrt,32.0,100,False,0.07564544677734375,-0.017722218122705087
817,8.0,log2,256.0,10,False,0.009482717514038086,-0.017702679016106358
649,7.0,log2,8.0,10,False,0.007395482063293457,-0.017688540551994245
142,3.0,log2,8.0,100,True,0.07906513214111328,-0.017680949351827062
41,2.0,log2,128.0,10,False,0.008268523216247558,-0.01768030314725017
969,9.0,sqrt,8.0,10,False,0.007843756675720214,-0.0176699649939356
231,3.0,sqrt,64.0,100,False,0.07600901126861573,-0.017668710330097006
266,4.0,log2,8.0,25,True,0.02150111198425293,-0.017642422820641622
167,3.0,log2,64.0,100,False,0.07591612339019775,-0.01763963811197691
593,6.0,sqrt,16.0,10,False,0.00807018280029297,-0.01763078242917097
225,3.0,sqrt,64.0,10,False,0.00789332389831543,-0.01761407041232423
330,4.0,sqrt,8.0,25,True,0.020636892318725585,-0.017606179168493986
208,3.0,sqrt,16.0,10,True,0.008764195442199706,-0.017601312439981573
1034,10.0,log2,8.0,25,True,0.02322409152984619,-0.01757330411672334
383,4.0,sqrt,,100,False,0.07691657543182373,-0.017562363459122057
162,3.0,log2,64.0,25,True,0.02326674461364746,-0.017558742453254863
212,3.0,sqrt,16.0,50,True,0.042104339599609374,-0.017556209433126403
857,8.0,sqrt,32.0,10,False,0.00969245433807373,-0.017553016696350798
238,3.0,sqrt,128.0,100,True,0.08108892440795898,-0.017534887480349832
172,3.0,log2,128.0,50,True,0.04141976833343506,-0.017534553652349513
721,7.0,sqrt,16.0,10,False,0.008057141304016113,-0.017531990259218772
289,4.0,log2,64.0,10,False,0.007759189605712891,-0.017526721849347785
506,5.0,sqrt,,25,True,0.022168684005737304,-0.01750912702338885
156,3.0,log2,32.0,50,True,0.041690993309021,-0.01750058391322102
472,5.0,sqrt,32.0,10,True,0.009060359001159668,-0.017489369416995183
378,4.0,sqrt,,25,True,0.021341419219970702,-0.017471342793229604
141,3.0,log2,8.0,50,False,0.038918495178222656,-0.017469657203827284
265,4.0,log2,8.0,10,False,0.00762937068939209,-0.017454471668303596
158,3.0,log2,32.0,100,True,0.08105568885803223,-0.01744307478365964
226,3.0,sqrt,64.0,25,True,0.0219557523727417,-0.017427856519040608
881,8.0,sqrt,256.0,10,False,0.010088324546813965,-0.017420226313015534
936,9.0,log2,128.0,10,True,0.009473371505737304,-0.01739996842362305
157,3.0,log2,32.0,50,False,0.03832063674926758,-0.0173785997474285
314,4.0,log2,,25,True,0.022620391845703126,-0.017352094806439598
394,5.0,log2,8.0,25,True,0.021729397773742675,-0.017348081134059574
459,5.0,sqrt,8.0,25,False,0.020867633819580077,-0.0173405984516905
182,3.0,log2,256.0,100,True,0.08172338008880616,-0.017338848685352386
243,3.0,sqrt,256.0,25,False,0.01981046199798584,-0.01731380287960829
215,3.0,sqrt,16.0,100,False,0.07755544185638427,-0.017309130801499404
183,3.0,log2,256.0,100,False,0.07721157073974609,-0.01728968711683676
489,5.0,sqrt,128.0,10,False,0.008055973052978515,-0.01723891283040536
140,3.0,log2,8.0,50,True,0.042738819122314455,-0.017219420789480903
232,3.0,sqrt,128.0,10,True,0.008775639533996581,-0.017218373913670246
136,3.0,log2,8.0,10,True,0.008883833885192871,-0.017213179249369326
944,9.0,log2,256.0,10,True,0.00982820987701416,-0.01721190047729141
149,3.0,log2,16.0,50,False,0.03879666328430176,-0.01720927778468043
1137,10.0,sqrt,256.0,10,False,0.009439730644226074,-0.017200108825602297
206,3.0,sqrt,8.0,100,True,0.08115308284759522,-0.017196038650964706
317,4.0,log2,,50,False,0.03868250846862793,-0.017191925019540654
713,7.0,sqrt,8.0,10,False,0.008016180992126466,-0.017177796440880373
381,4.0,sqrt,,50,False,0.038817310333251955,-0.017168533880953348
474,5.0,sqrt,32.0,25,True,0.022305679321289063,-0.01714031632596227
608,6.0,sqrt,64.0,10,True,0.009257650375366211,-0.017123594517662842
507,5.0,sqrt,,25,False,0.021070075035095216,-0.01710924084338336
905,9.0,log2,8.0,10,False,0.00800337791442871,-0.017105685438725694
227,3.0,sqrt,64.0,25,False,0.0195204496383667,-0.017075973585448764
338,4.0,sqrt,16.0,25,True,0.022291088104248048,-0.017075449459875006
319,4.0,log2,,100,False,0.07776029109954834,-0.017073381196544158
166,3.0,log2,64.0,100,True,0.08077003955841064,-0.017043356341335157
416,5.0,log2,64.0,10,True,0.008660316467285156,-0.01704168614743385
392,5.0,log2,8.0,10,True,0.010002660751342773,-0.017039496906802024
1257,,sqrt,128.0,10,False,0.009519386291503906,-0.01703713134381031
207,3.0,sqrt,8.0,100,False,0.07703163623809814,-0.017036391871399385
1169,,log2,16.0,10,False,0.00857250690460205,-0.017033539264916308
222,3.0,sqrt,32.0,100,True,0.08028137683868408,-0.01702855144858375
246,3.0,sqrt,256.0,100,True,0.0818603515625,-0.01702503258108838
220,3.0,sqrt,32.0,50,True,0.04181327819824219,-0.01700489989135697
228,3.0,sqrt,64.0,50,True,0.04130434989929199,-0.01699769481229264
889,8.0,sqrt,,10,False,0.008262348175048829,-0.01699390826910727
296,4.0,log2,128.0,10,True,0.008870434761047364,-0.016992952439195977
456,5.0,sqrt,8.0,10,True,0.008618927001953125,-0.01697900190509928
305,4.0,log2,256.0,10,False,0.00772097110748291,-0.01697065942219423
154,3.0,log2,32.0,25,True,0.021512222290039063,-0.016964321225975406
297,4.0,log2,128.0,10,False,0.007875418663024903,-0.0169603616092211
993,9.0,sqrt,64.0,10,False,0.009291911125183105,-0.01695868174159714
147,3.0,log2,16.0,25,False,0.019681668281555174,-0.01694770728417104
247,3.0,sqrt,256.0,100,False,0.07627158164978028,-0.016941210069757687
155,3.0,log2,32.0,25,False,0.020131540298461915,-0.016931463646562707
332,4.0,sqrt,8.0,50,True,0.04245736598968506,-0.0169200655523911
205,3.0,sqrt,8.0,50,False,0.03811085224151611,-0.016916868740537244
371,4.0,sqrt,256.0,25,False,0.02009291648864746,-0.016910019415751532
318,4.0,log2,,100,True,0.08181796073913575,-0.01690878573127528
170,3.0,log2,128.0,25,True,0.02188715934753418,-0.016907801522378866
840,8.0,sqrt,8.0,10,True,0.008729052543640137,-0.016901625144189754
481,5.0,sqrt,64.0,10,False,0.00791311264038086,-0.016898486761779425
229,3.0,sqrt,64.0,50,False,0.0389556884765625,-0.016891886659754527
904,9.0,log2,8.0,10,True,0.008821201324462891,-0.016889732808452452
333,4.0,sqrt,8.0,50,False,0.03917076587677002,-0.016878292904813186
1248,,sqrt,64.0,10,True,0.009409832954406738,-0.016872606374459587
269,4.0,log2,8.0,50,False,0.03783094882965088,-0.016869305472613883
586,6.0,sqrt,8.0,25,True,0.020903682708740233,-0.01686146565454573
650,7.0,log2,8.0,25,True,0.020743799209594727,-0.016846014799223544
146,3.0,log2,16.0,25,True,0.021273255348205566,-0.01683243332407385
239,3.0,sqrt,128.0,100,False,0.07605762481689453,-0.01683042796522101
173,3.0,log2,128.0,50,False,0.038774943351745604,-0.016816354065062673
245,3.0,sqrt,256.0,50,False,0.03829128742218017,-0.01680747592522941
825,8.0,log2,,10,False,0.009170985221862793,-0.01678770052187184
849,8.0,sqrt,16.0,10,False,0.009773516654968261,-0.01678671515076455
588,6.0,sqrt,8.0,50,True,0.041693902015686034,-0.01677730254403366
801,8.0,log2,64.0,10,False,0.008308649063110352,-0.016774040775230325
600,6.0,sqrt,32.0,10,True,0.009301114082336425,-0.016773939797619115
143,3.0,log2,8.0,100,False,0.0762782096862793,-0.016769351312546327
856,8.0,sqrt,32.0,10,True,0.008988738059997559,-0.01676552380148236
380,4.0,sqrt,,50,True,0.041505074501037596,-0.016758331170831083
1115,10.0,sqrt,32.0,25,False,0.02239985466003418,-0.01673377209634699
221,3.0,sqrt,32.0,50,False,0.03851664066314697,-0.01672344251506675
1161,,log2,8.0,10,False,0.008040308952331543,-0.016697458069791483
150,3.0,log2,16.0,100,True,0.08056354522705078,-0.016695542367429886
1035,10.0,log2,8.0,25,False,0.01927046775817871,-0.01669196325244656
545,6.0,log2,64.0,10,False,0.008184218406677246,-0.01668476937083994
165,3.0,log2,64.0,50,False,0.03840856552124024,-0.016682362097630153
180,3.0,log2,256.0,50,True,0.04316914081573486,-0.016676093082040367
427,5.0,log2,128.0,25,False,0.021109342575073242,-0.016667988150262342
1000,9.0,sqrt,128.0,10,True,0.009865570068359374,-0.01664402174079987
444,5.0,log2,,50,True,0.043184304237365724,-0.01663932666226637
785,8.0,log2,16.0,10,False,0.008182001113891602,-0.01663297382912841
395,5.0,log2,8.0,25,False,0.019331836700439455,-0.01663148188882567
1163,,log2,8.0,25,False,0.019087672233581543,-0.01662296616568802
370,4.0,sqrt,256.0,25,True,0.021247029304504395,-0.01661567905526622
159,3.0,log2,32.0,100,False,0.08084642887115479,-0.016607344521406116
218,3.0,sqrt,32.0,25,True,0.021939468383789063,-0.016598329037394072
217,3.0,sqrt,32.0,10,False,0.007808709144592285,-0.01656166245775574
171,3.0,log2,128.0,25,False,0.019570350646972656,-0.016552744666268205
601,6.0,sqrt,32.0,10,False,0.008348751068115234,-0.01652986563660696
441,5.0,log2,,10,False,0.007680296897888184,-0.01652092954281367
270,4.0,log2,8.0,100,True,0.07990396022796631,-0.01651198398624453
204,3.0,sqrt,8.0,50,True,0.041383981704711914,-0.016509058365932062
181,3.0,log2,256.0,50,False,0.03915548324584961,-0.016501724477131916
151,3.0,log2,16.0,100,False,0.07634148597717286,-0.016492358012931786
176,3.0,log2,256.0,10,True,0.008804059028625489,-0.016490840977829303
1048,10.0,log2,32.0,10,True,0.008854031562805176,-0.016482778825216742
968,9.0,sqrt,8.0,10,True,0.008804702758789062,-0.01647104000277543
310,4.0,log2,256.0,100,True,0.08202946186065674,-0.016462177460146443
352,4.0,sqrt,64.0,10,True,0.009062862396240235,-0.01646125041689603
175,3.0,log2,128.0,100,False,0.07494943141937256,-0.016460612265060136
716,7.0,sqrt,8.0,50,True,0.041862773895263675,-0.016446872014321812
179,3.0,log2,256.0,25,False,0.01987268924713135,-0.016436511960357284
473,5.0,sqrt,32.0,10,False,0.008264398574829102,-0.016428382329593007
164,3.0,log2,64.0,50,True,0.041628241539001465,-0.01640389114359699
847,8.0,sqrt,8.0,100,False,0.0760343074798584,-0.016400151082655634
298,4.0,log2,128.0,25,True,0.023531484603881835,-0.01639906693281112
552,6.0,log2,128.0,10,True,0.011077213287353515,-0.01639492729173567
1056,10.0,log2,64.0,10,True,0.009077358245849609,-0.016379403969975514
354,4.0,sqrt,64.0,25,True,0.022169828414916992,-0.016372393431587563
373,4.0,sqrt,256.0,50,False,0.03973720073699951,-0.016372254608824438
174,3.0,log2,128.0,100,True,0.08035941123962402,-0.016371194976422695
299,4.0,log2,128.0,25,False,0.02164895534515381,-0.016346499703385434
906,9.0,log2,8.0,25,True,0.021042895317077637,-0.016323159383863257
271,4.0,log2,8.0,100,False,0.07454757690429688,-0.016319711273348407
273,4.0,log2,16.0,10,False,0.008125734329223634,-0.01631123433846195
202,3.0,sqrt,8.0,25,True,0.021009016036987304,-0.016303829806202794
1256,,sqrt,128.0,10,True,0.009818768501281739,-0.016286247909982097
1224,,sqrt,8.0,10,True,0.008994412422180176,-0.016281677528324715
336,4.0,sqrt,16.0,10,True,0.010172200202941895,-0.016268684404008735
841,8.0,sqrt,8.0,10,False,0.008017730712890626,-0.016252200851601676
752,7.0,sqrt,256.0,10,True,0.009301996231079102,-0.01619713313630064
316,4.0,log2,,50,True,0.041856026649475096,-0.016177075817741405
230,3.0,sqrt,64.0,100,True,0.08186576366424561,-0.016154249104352498
520,6.0,log2,8.0,10,True,0.008858418464660645,-0.016146389304472222
616,6.0,sqrt,128.0,10,True,0.009300518035888671,-0.016139240419035875
210,3.0,sqrt,16.0,25,True,0.021131372451782225,-0.016136666285359876
1059,10.0,log2,64.0,25,False,0.02209479808807373,-0.016115597731495655
864,8.0,sqrt,64.0,10,True,0.009220767021179199,-0.016113657936978904
337,4.0,sqrt,16.0,10,False,0.007841205596923828,-0.01608637453582056
177,3.0,log2,256.0,10,False,0.007582354545593262,-0.016083210172012242
776,8.0,log2,8.0,10,True,0.008508706092834472,-0.016048568661292867
976,9.0,sqrt,16.0,10,True,0.0085343599319458,-0.01604278512549962
1037,10.0,log2,8.0,50,False,0.03848414421081543,-0.016040538873188726
219,3.0,sqrt,32.0,25,False,0.019782495498657227,-0.01603626257910828
1074,10.0,log2,256.0,25,True,0.023925399780273436,-0.016026846580843766
1226,,sqrt,8.0,25,True,0.02398815155029297,-0.015997203645754413
509,5.0,sqrt,,50,False,0.040093421936035156,-0.015993206705506996
737,7.0,sqrt,64.0,10,False,0.008234047889709472,-0.015989981571367905
587,6.0,sqrt,8.0,25,False,0.019083571434020997,-0.015984692800603835
382,4.0,sqrt,,100,True,0.08218834400177003,-0.01597263866351377
723,7.0,sqrt,16.0,25,False,0.01990795135498047,-0.015972452448696262
1184,,log2,64.0,10,True,0.009320831298828125,-0.015972254368124897
1259,,sqrt,128.0,25,False,0.0217972993850708,-0.01596500968001397
1100,10.0,sqrt,8.0,50,True,0.04157035350799561,-0.015956277964831702
496,5.0,sqrt,256.0,10,True,0.008750653266906739,-0.01594927104661868
466,5.0,sqrt,16.0,25,True,0.021339559555053712,-0.015946177847271557
1164,,log2,8.0,50,True,0.04083528518676758,-0.015944601236242927
1177,,log2,32.0,10,False,0.009749770164489746,-0.01593640600298208
720,7.0,sqrt,16.0,10,True,0.009118938446044922,-0.015933030791600782
573,6.0,log2,,50,False,0.042412638664245605,-0.015913012270878876
654,7.0,log2,8.0,100,True,0.08148138523101807,-0.015911680420980293
362,4.0,sqrt,128.0,25,True,0.02308650016784668,-0.01589916450643789
497,5.0,sqrt,256.0,10,False,0.008708906173706055,-0.015886616850974186
528,6.0,log2,16.0,10,True,0.008743572235107421,-0.015886521226171128
778,8.0,log2,8.0,25,True,0.02352015972137451,-0.01588194285257193
624,6.0,sqrt,256.0,10,True,0.009009742736816406,-0.01587094194008769
809,8.0,log2,128.0,10,False,0.008619070053100586,-0.01586673569657468
365,4.0,sqrt,128.0,50,False,0.03951232433319092,-0.015860038620672524
718,7.0,sqrt,8.0,100,True,0.08257119655609131,-0.015850583286453265
561,6.0,log2,256.0,10,False,0.008732485771179199,-0.01584447857591843
745,7.0,sqrt,128.0,10,False,0.008560109138488769,-0.0158323589508819
364,4.0,sqrt,128.0,50,True,0.04245471954345703,-0.015830563121917957
339,4.0,sqrt,16.0,25,False,0.019891858100891113,-0.015820505210938193
1113,10.0,sqrt,32.0,10,False,0.008100652694702148,-0.01581570986949631
992,9.0,sqrt,64.0,10,True,0.009067225456237792,-0.015814217656783817
342,4.0,sqrt,16.0,100,True,0.08137214183807373,-0.0158119619840473
1097,10.0,sqrt,8.0,10,False,0.007739639282226563,-0.01581074888436286
539,6.0,log2,32.0,25,False,0.020490002632141114,-0.01580957563119655
1168,,log2,16.0,10,True,0.008397579193115234,-0.015794878845732753
357,4.0,sqrt,64.0,50,False,0.03948421478271484,-0.01577716465280609
524,6.0,log2,8.0,50,True,0.04268691539764404,-0.01576066622882311
335,4.0,sqrt,8.0,100,False,0.0762556552886963,-0.015756121259886863
953,9.0,log2,,10,False,0.008744263648986816,-0.015748370371099836
784,8.0,log2,16.0,10,True,0.009095001220703124,-0.015742399157794268
1098,10.0,sqrt,8.0,25,True,0.020918107032775878,-0.01573281159812573
937,9.0,log2,128.0,10,False,0.00859057903289795,-0.015699544332660582
434,5.0,log2,256.0,25,True,0.022208380699157714,-0.015694885615350672
909,9.0,log2,8.0,50,False,0.03901505470275879,-0.015679105403839648
907,9.0,log2,8.0,25,False,0.019158649444580077,-0.015677742442344794
276,4.0,log2,16.0,50,True,0.04169638156890869,-0.015674477225861773
602,6.0,sqrt,32.0,25,True,0.02185490131378174,-0.01567447018652779
803,8.0,log2,64.0,25,False,0.02153019905090332,-0.015669738454472695
359,4.0,sqrt,64.0,100,False,0.07736918926239014,-0.01566454042558541
1235,,sqrt,16.0,25,False,0.019635486602783202,-0.015661597205616325
1081,10.0,log2,,10,False,0.009961652755737304,-0.015659581063477306
908,9.0,log2,8.0,50,True,0.04324219226837158,-0.015657422407160008
375,4.0,sqrt,256.0,100,False,0.07770860195159912,-0.0156567435112921
292,4.0,log2,64.0,50,True,0.04319295883178711,-0.015653953920842904
1043,10.0,log2,16.0,25,False,0.020137739181518555,-0.015646529080120607
1016,9.0,sqrt,,10,True,0.009217119216918946,-0.015632645419682106
350,4.0,sqrt,32.0,100,True,0.08152015209197998,-0.015625181704779254
282,4.0,log2,32.0,25,True,0.022325634956359863,-0.01561624017474044
525,6.0,log2,8.0,50,False,0.03854210376739502,-0.015612830996321922
746,7.0,sqrt,128.0,25,True,0.02381000518798828,-0.01560970393912857
347,4.0,sqrt,32.0,25,False,0.020987462997436524,-0.015606282062408518
313,4.0,log2,,10,False,0.007855916023254394,-0.015600536173280352
1200,,log2,256.0,10,True,0.010260367393493652,-0.015595662978545295
736,7.0,sqrt,64.0,10,True,0.009231662750244141,-0.015594034415598363
465,5.0,sqrt,16.0,10,False,0.008091068267822266,-0.01559378495969752
866,8.0,sqrt,64.0,25,True,0.02313807010650635,-0.0155923602842904
356,4.0,sqrt,64.0,50,True,0.04249444007873535,-0.015587450279620762
673,7.0,log2,64.0,10,False,0.008505129814147949,-0.01557683318385902
544,6.0,log2,64.0,10,True,0.009269499778747558,-0.015567545242455048
1228,,sqrt,8.0,50,True,0.04117648601531983,-0.015564798924959064
283,4.0,log2,32.0,25,False,0.02100675106048584,-0.015557663559754178
595,6.0,sqrt,16.0,25,False,0.019893789291381837,-0.015554125553864602
442,5.0,log2,,25,True,0.021606063842773436,-0.015549691603905898
1165,,log2,8.0,50,False,0.03828120231628418,-0.015542308422280266
334,4.0,sqrt,8.0,100,True,0.08131270408630371,-0.015535831142591756
303,4.0,log2,128.0,100,False,0.07774176597595214,-0.015532098543942734
1038,10.0,log2,8.0,100,True,0.07941687107086182,-0.015530481175410775
1231,,sqrt,8.0,100,False,0.0770308256149292,-0.015529872496617251
572,6.0,log2,,50,True,0.04467661380767822,-0.015520898379082312
971,9.0,sqrt,8.0,25,False,0.019269704818725586,-0.015505420369154605
424,5.0,log2,128.0,10,True,0.009469199180603027,-0.015504506080953467
398,5.0,log2,8.0,100,True,0.08289768695831298,-0.0155027778702909
300,4.0,log2,128.0,50,True,0.04329605102539062,-0.015501704167560183
288,4.0,log2,64.0,10,True,0.008817338943481445,-0.01549273241635326
346,4.0,sqrt,32.0,25,True,0.02303497791290283,-0.015489383362760713
476,5.0,sqrt,32.0,50,True,0.043963265419006345,-0.015487789122633494
1103,10.0,sqrt,8.0,100,False,0.07454500198364258,-0.015486938902135391
762,7.0,sqrt,,25,True,0.02295663356781006,-0.015485047699384358
277,4.0,log2,16.0,50,False,0.03891997337341309,-0.015472203176057485
462,5.0,sqrt,8.0,100,True,0.07939903736114502,-0.01546766474904634
589,6.0,sqrt,8.0,50,False,0.03810276985168457,-0.015467039980245824
467,5.0,sqrt,16.0,25,False,0.020147061347961424,-0.015462460289691487
1144,10.0,sqrt,,10,True,0.009627461433410645,-0.015447769838647986
267,4.0,log2,8.0,25,False,0.01941070556640625,-0.015441584308509969
460,5.0,sqrt,8.0,50,True,0.044646263122558594,-0.015438460496308275
590,6.0,sqrt,8.0,100,True,0.08070826530456543,-0.01543182796852136
399,5.0,log2,8.0,100,False,0.07474627494812011,-0.015428087341179467
274,4.0,log2,16.0,25,True,0.02158362865447998,-0.01541930396337057
423,5.0,log2,64.0,100,False,0.08022968769073487,-0.01541925213731202
408,5.0,log2,32.0,10,True,0.008868098258972168,-0.015416327746660243
584,6.0,sqrt,8.0,10,True,0.008930468559265136,-0.01541590240642832
268,4.0,log2,8.0,50,True,0.04122076034545898,-0.015415741952201899
358,4.0,sqrt,64.0,100,True,0.08324208259582519,-0.015412902269745156
920,9.0,log2,32.0,10,True,0.008830547332763672,-0.015402267037375468
865,8.0,sqrt,64.0,10,False,0.009371662139892578,-0.015392337301585051
446,5.0,log2,,100,True,0.08300244808197021,-0.015390176494901835
753,7.0,sqrt,256.0,10,False,0.008524346351623534,-0.015369057507148752
284,4.0,log2,32.0,50,True,0.04373745918273926,-0.015367029978825284
1230,,sqrt,8.0,100,True,0.08068239688873291,-0.015366046314843278
610,6.0,sqrt,64.0,25,True,0.023207592964172363,-0.015351570701367789
617,6.0,sqrt,128.0,10,False,0.008501911163330078,-0.015328862400622097
278,4.0,log2,16.0,100,True,0.08286714553833008,-0.01532839936361823
405,5.0,log2,16.0,50,False,0.04281642436981201,-0.015319666937430178
340,4.0,sqrt,16.0,50,True,0.04177284240722656,-0.015311723018363078
349,4.0,sqrt,32.0,50,False,0.04007906913757324,-0.015300197626304626
1041,10.0,log2,16.0,10,False,0.008537769317626953,-0.01529058397366695
1227,,sqrt,8.0,25,False,0.020581650733947753,-0.01528795500458969
293,4.0,log2,64.0,50,False,0.04086372852325439,-0.015280990614355096
1096,10.0,sqrt,8.0,10,True,0.008791279792785645,-0.015280205087644222
680,7.0,log2,128.0,10,True,0.009353351593017579,-0.015277772338439
366,4.0,sqrt,128.0,100,True,0.08350110054016113,-0.01527386801708054
848,8.0,sqrt,16.0,10,True,0.00887298583984375,-0.01526359762988096
447,5.0,log2,,100,False,0.07968795299530029,-0.01525935290290701
309,4.0,log2,256.0,50,False,0.04287722110748291,-0.015257191713170236
744,7.0,sqrt,128.0,10,True,0.009443712234497071,-0.015256179419454025
372,4.0,sqrt,256.0,50,True,0.04221045970916748,-0.015254333514532249
1101,10.0,sqrt,8.0,50,False,0.04018721580505371,-0.015241489366031494
563,6.0,log2,256.0,25,False,0.02137904167175293,-0.015238576714835307
549,6.0,log2,64.0,50,False,0.04147634506225586,-0.01522777734257266
719,7.0,sqrt,8.0,100,False,0.0744593858718872,-0.015222388030299416
530,6.0,log2,16.0,25,True,0.022467875480651857,-0.01519852073583428
484,5.0,sqrt,64.0,50,True,0.04336345195770264,-0.015185964666350124
910,9.0,log2,8.0,100,True,0.08066985607147217,-0.015176498795244717
368,4.0,sqrt,256.0,10,True,0.008864474296569825,-0.015166512407123259
1104,10.0,sqrt,16.0,10,True,0.008866667747497559,-0.015160243836904294
307,4.0,log2,256.0,25,False,0.020203375816345216,-0.015157861061775435
972,9.0,sqrt,8.0,50,True,0.04087092876434326,-0.015155076524094487
440,5.0,log2,,10,True,0.008898043632507324,-0.015143008367328651
655,7.0,log2,8.0,100,False,0.07873475551605225,-0.015140862591098569
1167,,log2,8.0,100,False,0.07461776733398437,-0.015140166724429586
816,8.0,log2,256.0,10,True,0.00939936637878418,-0.01513960092386532
761,7.0,sqrt,,10,False,0.009616470336914063,-0.015139581015097782
367,4.0,sqrt,128.0,100,False,0.07761144638061523,-0.015132436600988133
632,6.0,sqrt,,10,True,0.008884882926940918,-0.015130845562555725
341,4.0,sqrt,16.0,50,False,0.038687634468078616,-0.0151241399048448
779,8.0,log2,8.0,25,False,0.020458793640136717,-0.015119334796038324
846,8.0,sqrt,8.0,100,True,0.08080074787139893,-0.015117593504271425
911,9.0,log2,8.0,100,False,0.07514588832855225,-0.015109956658326137
302,4.0,log2,128.0,100,True,0.08251473903656006,-0.015108116167101856
659,7.0,log2,16.0,25,False,0.020054125785827638,-0.015092912255103504
945,9.0,log2,256.0,10,False,0.009624576568603516,-0.015092880797137343
461,5.0,sqrt,8.0,50,False,0.039934730529785155,-0.015092752380704183
575,6.0,log2,,100,False,0.0817345380783081,-0.015091169103478902
930,9.0,log2,64.0,25,True,0.024278736114501952,-0.015090181602368897
445,5.0,log2,,50,False,0.03961460590362549,-0.015073773901750047
315,4.0,log2,,25,False,0.02068512439727783,-0.015060047334900344
637,6.0,sqrt,,50,False,0.0428123950958252,-0.015055085263582624
291,4.0,log2,64.0,25,False,0.02033576965332031,-0.015044745173530962
279,4.0,log2,16.0,100,False,0.07602734565734863,-0.015038668394271199
928,9.0,log2,64.0,10,True,0.008878827095031738,-0.015033950101569465
396,5.0,log2,8.0,50,True,0.04082887172698975,-0.015026694913678088
536,6.0,log2,32.0,10,True,0.009127473831176758,-0.015025911200315652
521,6.0,log2,8.0,10,False,0.007544231414794922,-0.014999997610725202
1008,9.0,sqrt,256.0,10,True,0.010103893280029298,-0.014998578536954877
532,6.0,log2,16.0,50,True,0.04263486862182617,-0.01499820132975301
407,5.0,log2,16.0,100,False,0.07740473747253418,-0.014994825359600708
970,9.0,sqrt,8.0,25,True,0.020506906509399413,-0.014994585219543477
429,5.0,log2,128.0,50,False,0.04121763706207275,-0.014991608265227649
1036,10.0,log2,8.0,50,True,0.04098629951477051,-0.014979351136952642
717,7.0,sqrt,8.0,50,False,0.03986222743988037,-0.014977289483434271
393,5.0,log2,8.0,10,False,0.007926058769226075,-0.014976894746529312
311,4.0,log2,256.0,100,False,0.07966897487640381,-0.01497115752003309
526,6.0,log2,8.0,100,True,0.08144242763519287,-0.01496903258452991
731,7.0,sqrt,32.0,25,False,0.02072408199310303,-0.01494906817384799
842,8.0,sqrt,8.0,25,True,0.02108011245727539,-0.014947419278807494
287,4.0,log2,32.0,100,False,0.0772540807723999,-0.014945960624681866
508,5.0,sqrt,,50,True,0.042063570022583006,-0.014945934740404742
688,7.0,log2,256.0,10,True,0.00960681438446045,-0.014942525349987829
974,9.0,sqrt,8.0,100,True,0.0799785852432251,-0.014929193255967803
913,9.0,log2,16.0,10,False,0.0087355375289917,-0.014914659985495949
286,4.0,log2,32.0,100,True,0.0822220802307129,-0.014912218783063761
529,6.0,log2,16.0,10,False,0.007837057113647461,-0.014908998139795378
1250,,sqrt,64.0,25,True,0.023201727867126466,-0.014900109108641204
975,9.0,sqrt,8.0,100,False,0.07473118305206299,-0.014900031266993925
1073,10.0,log2,256.0,10,False,0.009976339340209962,-0.01489527852118921
537,6.0,log2,32.0,10,False,0.007697558403015137,-0.014880526485877493
458,5.0,sqrt,8.0,25,True,0.02116851806640625,-0.014879941617308932
511,5.0,sqrt,,100,False,0.07735042572021485,-0.014877794749399714
363,4.0,sqrt,128.0,25,False,0.02026946544647217,-0.014869522114470155
1229,,sqrt,8.0,50,False,0.03811981678009033,-0.014865927589874935
491,5.0,sqrt,128.0,25,False,0.021288490295410155,-0.014864135443609466
781,8.0,log2,8.0,50,False,0.03814237117767334,-0.014855630350989631
917,9.0,log2,16.0,50,False,0.03940372467041016,-0.014845601712978326
664,7.0,log2,32.0,10,True,0.009072232246398925,-0.014845303239570371
985,9.0,sqrt,32.0,10,False,0.009558987617492676,-0.014842891269714503
331,4.0,sqrt,8.0,25,False,0.021417856216430664,-0.014836157000251876
285,4.0,log2,32.0,50,False,0.0403043270111084,-0.014831822593970138
410,5.0,log2,32.0,25,True,0.021583414077758788,-0.014824550503925055
800,8.0,log2,64.0,10,True,0.0093947172164917,-0.014802898045939587
763,7.0,sqrt,,25,False,0.02151367664337158,-0.014801565306925278
306,4.0,log2,256.0,25,True,0.02206311225891113,-0.014793871849572688
281,4.0,log2,32.0,10,False,0.007750105857849121,-0.014792334532988682
661,7.0,log2,16.0,50,False,0.03965463638305664,-0.014790839302235423
780,8.0,log2,8.0,50,True,0.04298784732818604,-0.014773588424981075
690,7.0,log2,256.0,25,True,0.023834991455078124,-0.014773557627756383
1099,10.0,sqrt,8.0,25,False,0.019302010536193848,-0.0147647144857488
880,8.0,sqrt,256.0,10,True,0.009649515151977539,-0.014758939899754155
783,8.0,log2,8.0,100,False,0.0747143268585205,-0.01475479527411254
1082,10.0,log2,,25,True,0.0241621732711792,-0.014752030924843885
295,4.0,log2,64.0,100,False,0.07825920581817628,-0.014749296544997893
1176,,log2,32.0,10,True,0.009206533432006836,-0.014742486235933853
782,8.0,log2,8.0,100,True,0.08154373168945313,-0.01474033270827475
522,6.0,log2,8.0,25,True,0.020920848846435545,-0.01473786603260185
730,7.0,sqrt,32.0,25,True,0.021965646743774415,-0.014704248773023346
845,8.0,sqrt,8.0,50,False,0.03846352100372315,-0.014702108211005739
348,4.0,sqrt,32.0,50,True,0.04368312358856201,-0.014686712233840426
851,8.0,sqrt,16.0,25,False,0.019694972038269042,-0.014669725137991904
1166,,log2,8.0,100,True,0.07998180389404297,-0.014658655927311866
824,8.0,log2,,10,True,0.009166836738586426,-0.014655565258875415
468,5.0,sqrt,16.0,50,True,0.04379739761352539,-0.01464993227950798
1196,,log2,128.0,50,True,0.049364900588989256,-0.01464500416911937
1129,10.0,sqrt,128.0,10,False,0.00932767391204834,-0.014637701849157915
431,5.0,log2,128.0,100,False,0.08104710578918457,-0.014605127559824455
406,5.0,log2,16.0,100,True,0.08487660884857177,-0.014603795050885644
500,5.0,sqrt,256.0,50,True,0.04324178695678711,-0.014595591025438998
634,6.0,sqrt,,25,True,0.023157548904418946,-0.01458116076339061
443,5.0,log2,,25,False,0.020717501640319824,-0.014578798962583782
469,5.0,sqrt,16.0,50,False,0.04049885272979736,-0.014568674365277916
627,6.0,sqrt,256.0,25,False,0.021855854988098146,-0.014565495414762257
1001,9.0,sqrt,128.0,10,False,0.008596253395080567,-0.014565375568449643
487,5.0,sqrt,64.0,100,False,0.0796276330947876,-0.014546627198091763
1267,,sqrt,256.0,25,False,0.022564125061035157,-0.01453993047159863
1241,,sqrt,32.0,10,False,0.008014941215515136,-0.014531332213661723
1018,9.0,sqrt,,25,True,0.02341015338897705,-0.014530431900712317
355,4.0,sqrt,64.0,25,False,0.020573759078979494,-0.014525608841459415
892,8.0,sqrt,,50,True,0.04514176845550537,-0.01452554658231867
439,5.0,log2,256.0,100,False,0.07937154769897461,-0.01452214086377243
1208,,log2,,10,True,0.01029188632965088,-0.014516735365786224
432,5.0,log2,256.0,10,True,0.009180760383605957,-0.01450330580199556
402,5.0,log2,16.0,25,True,0.021143388748168946,-0.01450101773684858
619,6.0,sqrt,128.0,25,False,0.02147238254547119,-0.01449958868000175
272,4.0,log2,16.0,10,True,0.00877993106842041,-0.014484026317759621
1069,10.0,log2,128.0,50,False,0.04363226890563965,-0.01447701121028861
1273,,sqrt,,10,False,0.009509944915771484,-0.014464352584795408
574,6.0,log2,,100,True,0.08651573657989502,-0.01446410295288859
418,5.0,log2,64.0,25,True,0.023868083953857422,-0.014450937961407975
922,9.0,log2,32.0,25,True,0.02213897705078125,-0.014448648789638906
793,8.0,log2,32.0,10,False,0.008436059951782227,-0.014447884044798348
808,8.0,log2,128.0,10,True,0.009566569328308105,-0.014442383171559646
635,6.0,sqrt,,25,False,0.020802855491638184,-0.014437944202504816
1072,10.0,log2,256.0,10,True,0.009364914894104005,-0.01443411986998981
477,5.0,sqrt,32.0,50,False,0.03988327980041504,-0.014426013363546687
888,8.0,sqrt,,10,True,0.009560799598693848,-0.014419301001456329
351,4.0,sqrt,32.0,100,False,0.07892765998840331,-0.014417064778590224
421,5.0,log2,64.0,50,False,0.04232475757598877,-0.01441578446600308
374,4.0,sqrt,256.0,100,True,0.08283398151397706,-0.014412255928060638
463,5.0,sqrt,8.0,100,False,0.07532718181610107,-0.014410481959029189
1107,10.0,sqrt,16.0,25,False,0.02055199146270752,-0.014404884750286732
631,6.0,sqrt,256.0,100,False,0.08299033641815186,-0.014402214948622807
819,8.0,log2,256.0,25,False,0.02159881591796875,-0.01439763985236922
503,5.0,sqrt,256.0,100,False,0.07879147529602051,-0.014397057579186119
294,4.0,log2,64.0,100,True,0.08399274349212646,-0.014395763563307662
954,9.0,log2,,25,True,0.02372562885284424,-0.01439338176939243
598,6.0,sqrt,16.0,100,True,0.0819809913635254,-0.014391726065663498
767,7.0,sqrt,,100,False,0.08231687545776367,-0.014389333233911674
652,7.0,log2,8.0,50,True,0.0414905309677124,-0.014375991758114668
290,4.0,log2,64.0,25,True,0.02182016372680664,-0.014359687930387562
973,9.0,sqrt,8.0,50,False,0.03806428909301758,-0.014353697633783736
510,5.0,sqrt,,100,True,0.08249804973602295,-0.01433671109484596
413,5.0,log2,32.0,50,False,0.040735507011413576,-0.014311237797212132
557,6.0,log2,128.0,50,False,0.04049232006072998,-0.01430406637456487
811,8.0,log2,128.0,25,False,0.022210121154785156,-0.014296469937443062
877,8.0,sqrt,128.0,50,False,0.0428983211517334,-0.014293185891694258
527,6.0,log2,8.0,100,False,0.07391221523284912,-0.014291118840872063
912,9.0,log2,16.0,10,True,0.008366680145263672,-0.014287379055388082
1172,,log2,16.0,50,True,0.04253690242767334,-0.014279109584364224
499,5.0,sqrt,256.0,25,False,0.020600366592407226,-0.014277696529314595
275,4.0,log2,16.0,25,False,0.019829177856445314,-0.01427429308146539
502,5.0,sqrt,256.0,100,True,0.08478946685791015,-0.01426842498283649
1057,10.0,log2,64.0,10,False,0.00948348045349121,-0.01426310910434357
301,4.0,log2,128.0,50,False,0.03968610763549805,-0.014259115703174771
1080,10.0,log2,,10,True,0.009815406799316407,-0.01423843748834801
984,9.0,sqrt,32.0,10,True,0.008972716331481934,-0.01423220079055723
764,7.0,sqrt,,50,True,0.045100283622741696,-0.014228054476740961
540,6.0,log2,32.0,50,True,0.04387185573577881,-0.014227910242986539
555,6.0,log2,128.0,25,False,0.021054410934448244,-0.014221478721810826
657,7.0,log2,16.0,10,False,0.007800769805908203,-0.01422058122032209
795,8.0,log2,32.0,25,False,0.021776866912841798,-0.014214259287353113
551,6.0,log2,64.0,100,False,0.08608741760253906,-0.01421113728912768
636,6.0,sqrt,,50,True,0.043642067909240724,-0.014208836843074613
475,5.0,sqrt,32.0,25,False,0.020974612236022948,-0.014190848827919956
565,6.0,log2,256.0,50,False,0.04253444671630859,-0.014190298576048374
653,7.0,log2,8.0,50,False,0.04128372669219971,-0.014186880881151519
797,8.0,log2,32.0,50,False,0.04215681552886963,-0.014185695882730082
914,9.0,log2,16.0,25,True,0.0216015100479126,-0.014185194334526639
766,7.0,sqrt,,100,True,0.08857285976409912,-0.014183236594864902
1225,,sqrt,8.0,10,False,0.007484316825866699,-0.014166750707163589
397,5.0,log2,8.0,50,False,0.03865334987640381,-0.014161829871865367
1270,,sqrt,256.0,100,True,0.09279801845550537,-0.014157067153156642
404,5.0,log2,16.0,50,True,0.04367284774780274,-0.014150054934091333
401,5.0,log2,16.0,10,False,0.008005833625793457,-0.014140835835729249
703,7.0,log2,,100,False,0.08155851364135742,-0.0141345320681627
1210,,log2,,25,True,0.026910114288330077,-0.014132670411293855
818,8.0,log2,256.0,25,True,0.023391866683959962,-0.014131076418308297
725,7.0,sqrt,16.0,50,False,0.03889107704162598,-0.014127181585241035
1060,10.0,log2,64.0,50,True,0.047820115089416505,-0.014126761125068344
607,6.0,sqrt,32.0,100,False,0.0781545877456665,-0.014126292046048528
996,9.0,sqrt,64.0,50,True,0.04560916423797608,-0.014114432578069012
570,6.0,log2,,25,True,0.02203376293182373,-0.014102464367906308
436,5.0,log2,256.0,50,True,0.04568071365356445,-0.01409925893299732
1040,10.0,log2,16.0,10,True,0.00855257511138916,-0.014093004456241752
639,6.0,sqrt,,100,False,0.08238379955291748,-0.014085420377759119
554,6.0,log2,128.0,25,True,0.023377108573913574,-0.01407934373185224
870,8.0,sqrt,64.0,100,True,0.08721446990966797,-0.01407849745091139
843,8.0,sqrt,8.0,25,False,0.0198514461517334,-0.014078384781495873
1044,10.0,log2,16.0,50,True,0.04192516803741455,-0.014075376448236879
1064,10.0,log2,128.0,10,True,0.009455180168151856,-0.014075081962606904
987,9.0,sqrt,32.0,25,False,0.02121288776397705,-0.0140667957238684
1171,,log2,16.0,25,False,0.02143714427947998,-0.014066795021390468
409,5.0,log2,32.0,10,False,0.008979535102844239,-0.01406530275768286
628,6.0,sqrt,256.0,50,True,0.045574951171875,-0.014061548349176788
412,5.0,log2,32.0,50,True,0.04229879379272461,-0.014053179039738252
722,7.0,sqrt,16.0,25,True,0.0210676908493042,-0.014052473310481059
952,9.0,log2,,10,True,0.010170555114746094,-0.014043366400600207
1268,,sqrt,256.0,50,True,0.04892807006835938,-0.014030997822886103
1242,,sqrt,32.0,25,True,0.02464184761047363,-0.014027224339369277
1252,,sqrt,64.0,50,True,0.04487900733947754,-0.014020187574004623
609,6.0,sqrt,64.0,10,False,0.008320903778076172,-0.01401465555235255
1068,10.0,log2,128.0,50,True,0.04731850624084473,-0.014014190183096034
420,5.0,log2,64.0,50,True,0.049239063262939455,-0.01401163164984888
872,8.0,sqrt,128.0,10,True,0.009204506874084473,-0.014003707517825495
1053,10.0,log2,32.0,50,False,0.0410597562789917,-0.014002524885574708
696,7.0,log2,,10,True,0.009084534645080567,-0.013998759137453876
1039,10.0,log2,8.0,100,False,0.07467286586761475,-0.01399308416290196
754,7.0,sqrt,256.0,25,True,0.02359614372253418,-0.01398593153125016
495,5.0,sqrt,128.0,100,False,0.0793987512588501,-0.013978924860094838
1258,,sqrt,128.0,25,True,0.02364211082458496,-0.013972022487481209
1011,9.0,sqrt,256.0,25,False,0.023453879356384277,-0.013971764243205474
681,7.0,log2,128.0,10,False,0.008643150329589844,-0.013970823955893
853,8.0,sqrt,16.0,50,False,0.04166438579559326,-0.013970187429749975
411,5.0,log2,32.0,25,False,0.019980835914611816,-0.013969286818212271
501,5.0,sqrt,256.0,50,False,0.04146852493286133,-0.013967091035374156
591,6.0,sqrt,8.0,100,False,0.07583792209625244,-0.01396333433938312
1162,,log2,8.0,25,True,0.021019363403320314,-0.01395845102702936
1066,10.0,log2,128.0,25,True,0.023700475692749023,-0.013955107013339999
1049,10.0,log2,32.0,10,False,0.009059619903564454,-0.013950930282564165
1076,10.0,log2,256.0,50,True,0.047679591178894046,-0.013948394292789672
1013,9.0,sqrt,256.0,50,False,0.04328684806823731,-0.013942292942167454
747,7.0,sqrt,128.0,25,False,0.02201206684112549,-0.013923349495603329
788,8.0,log2,16.0,50,True,0.04384748935699463,-0.013914978526965306
1102,10.0,sqrt,8.0,100,True,0.08084361553192139,-0.013909128607403192
566,6.0,log2,256.0,100,True,0.08705170154571533,-0.013908021655016218
891,8.0,sqrt,,25,False,0.021631669998168946,-0.013903110733644084
890,8.0,sqrt,,25,True,0.023757791519165038,-0.013887101146443448
683,7.0,log2,128.0,25,False,0.02275857925415039,-0.013876956880031606
915,9.0,log2,16.0,25,False,0.020185232162475586,-0.013876690984411296
571,6.0,log2,,25,False,0.020905351638793944,-0.013874393978019848
625,6.0,sqrt,256.0,10,False,0.009217572212219239,-0.013874287394363752
523,6.0,log2,8.0,25,False,0.020083236694335937,-0.013873890381022599
1211,,log2,,25,False,0.02297487258911133,-0.013854243253091673
343,4.0,sqrt,16.0,100,False,0.078735089302063,-0.013849512759984242
739,7.0,sqrt,64.0,25,False,0.02209618091583252,-0.01384741782965655
414,5.0,log2,32.0,100,True,0.0865823745727539,-0.013840705956959834
826,8.0,log2,,25,True,0.02311539649963379,-0.013838684815733266
547,6.0,log2,64.0,25,False,0.022054409980773924,-0.013831921261097738
403,5.0,log2,16.0,25,False,0.019637060165405274,-0.01382173202345447
485,5.0,sqrt,64.0,50,False,0.040365743637084964,-0.013816240586205767
1145,10.0,sqrt,,10,False,0.008809781074523926,-0.013815017262094437
792,8.0,log2,32.0,10,True,0.009415125846862793,-0.013812985335154553
494,5.0,sqrt,128.0,100,True,0.08570575714111328,-0.013809730315894468
939,9.0,log2,128.0,25,False,0.022070932388305663,-0.0137984418625503
850,8.0,sqrt,16.0,25,True,0.022153520584106447,-0.013795310553858842
685,7.0,log2,128.0,50,False,0.04304749965667724,-0.013793184122679188
815,8.0,log2,128.0,100,False,0.08526248931884765,-0.013792157674162265
531,6.0,log2,16.0,25,False,0.019665122032165527,-0.013789495504735466
422,5.0,log2,64.0,100,True,0.08847098350524903,-0.013784841348833834
741,7.0,sqrt,64.0,50,False,0.04221196174621582,-0.01376823136293725
638,6.0,sqrt,,100,True,0.08524303436279297,-0.013762390483250554
893,8.0,sqrt,,50,False,0.04380729198455811,-0.013761963827106974
479,5.0,sqrt,32.0,100,False,0.07805123329162597,-0.013752434164581854
618,6.0,sqrt,128.0,25,True,0.02326688766479492,-0.013751771087447651
471,5.0,sqrt,16.0,100,False,0.07641234397888183,-0.013749022700108813
1128,10.0,sqrt,128.0,10,True,0.010538816452026367,-0.013742797025373168
559,6.0,log2,128.0,100,False,0.0815821647644043,-0.013741784998020163
542,6.0,log2,32.0,100,True,0.08427610397338867,-0.0137353050449231
695,7.0,log2,256.0,100,False,0.08342771530151367,-0.013732577003643023
698,7.0,log2,,25,True,0.022621655464172365,-0.013729328610241181
543,6.0,log2,32.0,100,False,0.0789304494857788,-0.013726466690906703
606,6.0,sqrt,32.0,100,True,0.08743712902069092,-0.013726047981046183
1136,10.0,sqrt,256.0,10,True,0.0095167875289917,-0.01372422207941836
1193,,log2,128.0,10,False,0.010123538970947265,-0.013711155801792859
538,6.0,log2,32.0,25,True,0.023466062545776368,-0.01369395016279939
1173,,log2,16.0,50,False,0.039658522605895995,-0.013680639502406344
802,8.0,log2,64.0,25,True,0.02348051071166992,-0.013680245439514004
895,8.0,sqrt,,100,False,0.08396117687225342,-0.013677230298962537
667,7.0,log2,32.0,25,False,0.02068932056427002,-0.013676574650574562
927,9.0,log2,32.0,100,False,0.07892313003540039,-0.013674401714899727
674,7.0,log2,64.0,25,True,0.023168468475341798,-0.013673003732231822
919,9.0,log2,16.0,100,False,0.0770601511001587,-0.013668340877777792
669,7.0,log2,32.0,50,False,0.04086370468139648,-0.013663898554494857
755,7.0,sqrt,256.0,25,False,0.02130601406097412,-0.013651356112392826
982,9.0,sqrt,16.0,100,True,0.08340048789978027,-0.01365020786760632
1047,10.0,log2,16.0,100,False,0.07694094181060791,-0.013649821278890691
486,5.0,sqrt,64.0,100,True,0.08417644500732421,-0.01364414207969879
560,6.0,log2,256.0,10,True,0.009364771842956542,-0.013641787201204698
556,6.0,log2,128.0,50,True,0.04421529769897461,-0.013631234003511091
886,8.0,sqrt,256.0,100,True,0.09079139232635498,-0.013630471844797327
308,4.0,log2,256.0,50,True,0.043208074569702146,-0.013628256384325797
470,5.0,sqrt,16.0,100,True,0.08199677467346192,-0.013624200744478173
562,6.0,log2,256.0,25,True,0.025600481033325195,-0.013623749109268316
1084,10.0,log2,,50,True,0.04671173095703125,-0.013622494139513908
1141,10.0,sqrt,256.0,50,False,0.04351785182952881,-0.013608749236837976
885,8.0,sqrt,256.0,50,False,0.04540119171142578,-0.013598774158866712
415,5.0,log2,32.0,100,False,0.07767612934112549,-0.013597329144071352
787,8.0,log2,16.0,25,False,0.02130115032196045,-0.013577093715816679
1109,10.0,sqrt,16.0,50,False,0.040756750106811526,-0.013574654417312572
1110,10.0,sqrt,16.0,100,True,0.08325033187866211,-0.013572657469900542
1178,,log2,32.0,25,True,0.022674179077148436,-0.013571921465326516
567,6.0,log2,256.0,100,False,0.08130450248718261,-0.013571160058884056
546,6.0,log2,64.0,25,True,0.023326683044433593,-0.013556556740781168
605,6.0,sqrt,32.0,50,False,0.042145514488220216,-0.013541109457238876
553,6.0,log2,128.0,10,False,0.008222556114196778,-0.013535778442177415
663,7.0,log2,16.0,100,False,0.07775914669036865,-0.01351891173716738
1186,,log2,64.0,25,True,0.023060870170593262,-0.01351611643602072
918,9.0,log2,16.0,100,True,0.08223004341125488,-0.013513901386039653
958,9.0,log2,,100,True,0.09004013538360596,-0.013509105378552815
989,9.0,sqrt,32.0,50,False,0.04063689708709717,-0.01349829702519558
1132,10.0,sqrt,128.0,50,True,0.04969213008880615,-0.013496952689558821
874,8.0,sqrt,128.0,25,True,0.023527026176452637,-0.013495043732877883
1050,10.0,log2,32.0,25,True,0.02259080410003662,-0.013492474102825433
955,9.0,log2,,25,False,0.021785449981689454,-0.01348693602915084
1272,,sqrt,,10,True,0.009479117393493653,-0.013475284500554569
492,5.0,sqrt,128.0,50,True,0.04559319019317627,-0.013474046312492851
697,7.0,log2,,10,False,0.00839688777923584,-0.013473581454836094
534,6.0,log2,16.0,100,True,0.08209385871887206,-0.01347213820511233
1261,,sqrt,128.0,50,False,0.04429984092712402,-0.013469716840855185
1130,10.0,sqrt,128.0,25,True,0.024808621406555174,-0.01346832407211083
1262,,sqrt,128.0,100,True,0.0930619478225708,-0.013461976612561747
957,9.0,log2,,50,False,0.04434952735900879,-0.013451735384228048
701,7.0,log2,,50,False,0.041382122039794925,-0.013449979746901134
417,5.0,log2,64.0,10,False,0.010242772102355958,-0.013448486786710184
596,6.0,sqrt,16.0,50,True,0.04167282581329346,-0.013447435754343382
852,8.0,sqrt,16.0,50,True,0.04130682945251465,-0.013445500171125613
1062,10.0,log2,64.0,100,True,0.09038796424865722,-0.013442611195654862
1120,10.0,sqrt,64.0,10,True,0.009380793571472168,-0.01344258235615879
660,7.0,log2,16.0,50,True,0.04206705093383789,-0.013440229273353622
686,7.0,log2,128.0,100,True,0.09044036865234376,-0.013436185154625777
438,5.0,log2,256.0,100,True,0.08561038970947266,-0.013434442077195732
988,9.0,sqrt,32.0,50,True,0.043141508102416994,-0.013430561008417151
1051,10.0,log2,32.0,25,False,0.02084848880767822,-0.013419050266029745
597,6.0,sqrt,16.0,50,False,0.03944387435913086,-0.013400855486234542
805,8.0,log2,64.0,50,False,0.0418529748916626,-0.013398016629050253
941,9.0,log2,128.0,50,False,0.0436115026473999,-0.013397372759405063
1067,10.0,log2,128.0,25,False,0.02259085178375244,-0.013389996103161298
1078,10.0,log2,256.0,100,True,0.0947021484375,-0.013386042352727867
1119,10.0,sqrt,32.0,100,False,0.07960634231567383,-0.013384708202204658
430,5.0,log2,128.0,100,True,0.08651187419891357,-0.013374153607525167
1077,10.0,log2,256.0,50,False,0.04521510601043701,-0.01337224687750291
483,5.0,sqrt,64.0,25,False,0.02101113796234131,-0.013369510247640675
426,5.0,log2,128.0,25,True,0.022617053985595704,-0.013365098497262856
830,8.0,log2,,100,True,0.0900571584701538,-0.013359092535402605
662,7.0,log2,16.0,100,True,0.08200371265411377,-0.013356592383668738
1127,10.0,sqrt,64.0,100,False,0.08390557765960693,-0.01335297274595747
1236,,sqrt,16.0,50,True,0.04163291454315186,-0.01335255792593667
612,6.0,sqrt,64.0,50,True,0.04485936164855957,-0.013349357152698985
550,6.0,log2,64.0,100,True,0.08915436267852783,-0.013346090677321114
1125,10.0,sqrt,64.0,50,False,0.0436032772064209,-0.01333931661404694
950,9.0,log2,256.0,100,True,0.09539327621459961,-0.013335782081441752
947,9.0,log2,256.0,25,False,0.022923803329467772,-0.013332051012930233
533,6.0,log2,16.0,50,False,0.03933892250061035,-0.013324298525646528
924,9.0,log2,32.0,50,True,0.044916963577270506,-0.013313966437844387
791,8.0,log2,16.0,100,False,0.07960772514343262,-0.013313221190481733
613,6.0,sqrt,64.0,50,False,0.04139597415924072,-0.013313196731261547
1245,,sqrt,32.0,50,False,0.04082598686218262,-0.013312238220700079
599,6.0,sqrt,16.0,100,False,0.07755639553070068,-0.013306727010127284
790,8.0,log2,16.0,100,True,0.0816946268081665,-0.013306613909784956
999,9.0,sqrt,64.0,100,False,0.08462371826171874,-0.013305041614135472
997,9.0,sqrt,64.0,50,False,0.04288330078125,-0.013302944660604932
1187,,log2,64.0,25,False,0.02133665084838867,-0.01329969876331977
564,6.0,log2,256.0,50,True,0.04539175033569336,-0.013298615712371587
844,8.0,sqrt,8.0,50,True,0.04099009037017822,-0.013298194530091035
675,7.0,log2,64.0,25,False,0.021578383445739747,-0.013296782789847621
1126,10.0,sqrt,64.0,100,True,0.08858821392059327,-0.013294020520224138
1124,10.0,sqrt,64.0,50,True,0.04708130359649658,-0.013283055634731512
1251,,sqrt,64.0,25,False,0.021553730964660643,-0.013279218133465814
743,7.0,sqrt,64.0,100,False,0.08214550018310547,-0.013276645058729641
478,5.0,sqrt,32.0,100,True,0.08744614124298096,-0.01326942318683293
1175,,log2,16.0,100,False,0.07775075435638427,-0.013265854699356119
678,7.0,log2,64.0,100,True,0.08876676559448242,-0.013261865030167333
1114,10.0,sqrt,32.0,25,True,0.022499561309814453,-0.013261816198243249
829,8.0,log2,,50,False,0.042117643356323245,-0.013261346766669336
692,7.0,log2,256.0,50,True,0.045338773727416994,-0.013253685311317948
758,7.0,sqrt,256.0,100,True,0.08969871997833252,-0.013251465936785667
979,9.0,sqrt,16.0,25,False,0.01979551315307617,-0.013241590315505135
994,9.0,sqrt,64.0,25,True,0.023025155067443848,-0.013239698110674908
435,5.0,log2,256.0,25,False,0.02072274684906006,-0.013232801104831297
873,8.0,sqrt,128.0,10,False,0.009379291534423828,-0.01323243862911961
1207,,log2,256.0,100,False,0.08613338470458984,-0.013230506385624674
940,9.0,log2,128.0,50,True,0.04615356922149658,-0.013219628623826418
428,5.0,log2,128.0,50,True,0.04382772445678711,-0.013213474711721202
821,8.0,log2,256.0,50,False,0.04315893650054932,-0.013206472361039294
1192,,log2,128.0,10,True,0.009119629859924316,-0.01320579805156328
1055,10.0,log2,32.0,100,False,0.07977159023284912,-0.013201952058458276
822,8.0,log2,256.0,100,True,0.09103028774261475,-0.013201587466073278
814,8.0,log2,128.0,100,True,0.09147474765777588,-0.01319885779337961
1180,,log2,32.0,50,True,0.04467527866363526,-0.01319766075080574
1277,,sqrt,,50,False,0.04357790946960449,-0.013189343829431991
693,7.0,log2,256.0,50,False,0.04244296550750733,-0.013181673492549218
884,8.0,sqrt,256.0,50,True,0.04800131320953369,-0.01318040703846849
831,8.0,log2,,100,False,0.08324987888336181,-0.01318030762779534
651,7.0,log2,8.0,25,False,0.019576096534729005,-0.013176778965801076
400,5.0,log2,16.0,10,True,0.00913686752319336,-0.013176701788203214
1004,9.0,sqrt,128.0,50,True,0.04756560325622559,-0.013175938216366426
1122,10.0,sqrt,64.0,25,True,0.02532966136932373,-0.01317335559585037
995,9.0,sqrt,64.0,25,False,0.021274495124816894,-0.013166752980635877
594,6.0,sqrt,16.0,25,True,0.02080955505371094,-0.013165081047630778
623,6.0,sqrt,128.0,100,False,0.08247909545898438,-0.013156696336290921
1083,10.0,log2,,25,False,0.022165083885192872,-0.013149006879481962
921,9.0,log2,32.0,10,False,0.008919048309326171,-0.013144078527027127
931,9.0,log2,64.0,25,False,0.022533321380615236,-0.013143359998731867
983,9.0,sqrt,16.0,100,False,0.07870862483978272,-0.013139064340566687
1195,,log2,128.0,25,False,0.02348499298095703,-0.013135893753524641
869,8.0,sqrt,64.0,50,False,0.041939735412597656,-0.013128334021917636
1134,10.0,sqrt,128.0,100,True,0.09256315231323242,-0.013126361111348088
1214,,log2,,100,True,0.09301249980926514,-0.013124000200419367
1278,,sqrt,,100,True,0.09120149612426758,-0.013123075213544198
926,9.0,log2,32.0,100,True,0.08512582778930664,-0.013119992984956922
756,7.0,sqrt,256.0,50,True,0.047168922424316403,-0.013119387228602663
1116,10.0,sqrt,32.0,50,True,0.04326033592224121,-0.01311601437720934
757,7.0,sqrt,256.0,50,False,0.04306106567382813,-0.013110099698022584
946,9.0,log2,256.0,25,True,0.024176645278930663,-0.013092805333688352
727,7.0,sqrt,16.0,100,False,0.07688813209533692,-0.013087631487121177
630,6.0,sqrt,256.0,100,True,0.08775455951690674,-0.013084251861720821
603,6.0,sqrt,32.0,25,False,0.02159743309020996,-0.013082169232503812
991,9.0,sqrt,32.0,100,False,0.0800936222076416,-0.013072710142528128
738,7.0,sqrt,64.0,25,True,0.02310032844543457,-0.013070300743157797
1042,10.0,log2,16.0,25,True,0.021643638610839844,-0.01306697570565769
986,9.0,sqrt,32.0,25,True,0.02253756523132324,-0.013064785940032556
629,6.0,sqrt,256.0,50,False,0.04174480438232422,-0.013058592609238182
751,7.0,sqrt,128.0,100,False,0.08487141132354736,-0.013056277747150794
633,6.0,sqrt,,10,False,0.007976937294006347,-0.013055910671051158
1017,9.0,sqrt,,10,False,0.009133148193359374,-0.013054034234909539
859,8.0,sqrt,32.0,25,False,0.021051740646362303,-0.013049789798330604
670,7.0,log2,32.0,100,True,0.08522162437438965,-0.013045030492104176
876,8.0,sqrt,128.0,50,True,0.046631574630737305,-0.013039525832319846
437,5.0,log2,256.0,50,False,0.04245626926422119,-0.013033555339606257
1249,,sqrt,64.0,10,False,0.008625602722167969,-0.013031193784027745
614,6.0,sqrt,64.0,100,True,0.08674988746643067,-0.013023271942035562
938,9.0,log2,128.0,25,True,0.02494945526123047,-0.013021882522430677
464,5.0,sqrt,16.0,10,True,0.009070062637329101,-0.013017228070640346
1045,10.0,log2,16.0,50,False,0.039172935485839847,-0.013009309446296108
715,7.0,sqrt,8.0,25,False,0.01931941509246826,-0.013006440421856287
1065,10.0,log2,128.0,10,False,0.010482525825500489,-0.013006318171922097
1238,,sqrt,16.0,100,True,0.08746743202209473,-0.013004961574003321
959,9.0,log2,,100,False,0.083465313911438,-0.012996140391943073
733,7.0,sqrt,32.0,50,False,0.03981795310974121,-0.012990750941917772
1190,,log2,64.0,100,True,0.0886695146560669,-0.012987186243990296
812,8.0,log2,128.0,50,True,0.04637279510498047,-0.012977572960477416
1204,,log2,256.0,50,True,0.048716068267822266,-0.01297710691042307
1233,,sqrt,16.0,10,False,0.007693862915039063,-0.012976561448607076
943,9.0,log2,128.0,100,False,0.08662559986114501,-0.012973873591777997
677,7.0,log2,64.0,50,False,0.042008042335510254,-0.012968349201182667
1237,,sqrt,16.0,50,False,0.03929216861724853,-0.01296101904445658
1213,,log2,,50,False,0.04307870864868164,-0.012958024175500696
1005,9.0,sqrt,128.0,50,False,0.044687199592590335,-0.012955603123057654
1174,,log2,16.0,100,True,0.08521533012390137,-0.012953001031305297
1019,9.0,sqrt,,25,False,0.02119429111480713,-0.012950663644169703
1079,10.0,log2,256.0,100,False,0.08826501369476318,-0.012935936153204413
878,8.0,sqrt,128.0,100,True,0.09015309810638428,-0.012935714260721116
798,8.0,log2,32.0,100,True,0.08395764827728272,-0.012935393169732684
1254,,sqrt,64.0,100,True,0.08975813388824463,-0.012924238152989903
734,7.0,sqrt,32.0,100,True,0.08605573177337647,-0.012923767003400663
1198,,log2,128.0,100,True,0.09291939735412598,-0.012922750611478618
786,8.0,log2,16.0,25,True,0.021736860275268555,-0.01292142480255536
1006,9.0,sqrt,128.0,100,True,0.09293172359466553,-0.012920246782844567
1255,,sqrt,64.0,100,False,0.08187685012817383,-0.01291838623425087
735,7.0,sqrt,32.0,100,False,0.07971341609954834,-0.012918266786062138
541,6.0,log2,32.0,50,False,0.040598511695861816,-0.01291475268113433
1052,10.0,log2,32.0,50,True,0.043245530128479,-0.012911011814825853
894,8.0,sqrt,,100,True,0.09042174816131592,-0.012910878480494103
732,7.0,sqrt,32.0,50,True,0.04325549602508545,-0.012908424351184921
668,7.0,log2,32.0,50,True,0.043218469619750975,-0.012894354827934213
726,7.0,sqrt,16.0,100,True,0.08188354969024658,-0.012885298865666217
1022,9.0,sqrt,,100,True,0.09313430786132812,-0.012881921099050364
1007,9.0,sqrt,128.0,100,False,0.08797481060028076,-0.012870302056277066
875,8.0,sqrt,128.0,25,False,0.02190845012664795,-0.01286566659099997
804,8.0,log2,64.0,50,True,0.04516737461090088,-0.012859420662275698
1244,,sqrt,32.0,50,True,0.043607020378112794,-0.012847250394060938
860,8.0,sqrt,32.0,50,True,0.044245243072509766,-0.012841964403358695
981,9.0,sqrt,16.0,50,False,0.0401437520980835,-0.01284092949108395
702,7.0,log2,,100,True,0.08663442134857177,-0.012839615720380353
1197,,log2,128.0,50,False,0.044690608978271484,-0.012838363971375688
978,9.0,sqrt,16.0,25,True,0.021439146995544434,-0.012832433462814898
871,8.0,sqrt,64.0,100,False,0.08141007423400878,-0.012822377039183883
1194,,log2,128.0,25,True,0.024289703369140624,-0.012817404695855445
656,7.0,log2,16.0,10,True,0.00892183780670166,-0.012815920045254387
1108,10.0,sqrt,16.0,50,True,0.041762590408325195,-0.012807990155312565
1199,,log2,128.0,100,False,0.09081707000732422,-0.012807650825755829
828,8.0,log2,,50,True,0.045210647583007815,-0.012803177104258852
1239,,sqrt,16.0,100,False,0.07904672622680664,-0.012799065241418701
611,6.0,sqrt,64.0,25,False,0.021597576141357423,-0.012798940206366552
1264,,sqrt,256.0,10,True,0.009981060028076172,-0.012788058875151418
488,5.0,sqrt,128.0,10,True,0.00892202854156494,-0.01278471720356794
1046,10.0,log2,16.0,100,True,0.0868391752243042,-0.012773763192354353
1189,,log2,64.0,50,False,0.04207668304443359,-0.012772468856676204
419,5.0,log2,64.0,25,False,0.02209179401397705,-0.012768751218496376
789,8.0,log2,16.0,50,False,0.03969743251800537,-0.012759934856520445
1247,,sqrt,32.0,100,False,0.08155190944671631,-0.012757178641337014
1170,,log2,16.0,25,True,0.02160487174987793,-0.012756916377283553
1003,9.0,sqrt,128.0,25,False,0.022431254386901855,-0.012755976664959938
879,8.0,sqrt,128.0,100,False,0.08411233425140381,-0.0127557409149209
1021,9.0,sqrt,,50,False,0.043837356567382815,-0.012754887273862628
493,5.0,sqrt,128.0,50,False,0.041706967353820804,-0.01275413290293685
1265,,sqrt,256.0,10,False,0.009736204147338867,-0.012752961315310686
1182,,log2,32.0,100,True,0.08498685359954834,-0.012750133965442558
867,8.0,sqrt,64.0,25,False,0.021467709541320802,-0.012745094029022404
868,8.0,sqrt,64.0,50,True,0.044517016410827635,-0.012737013535343676
1075,10.0,log2,256.0,25,False,0.02276904582977295,-0.012731413603071553
621,6.0,sqrt,128.0,50,False,0.043245577812194826,-0.012731149069736488
1023,9.0,sqrt,,100,False,0.08403117656707763,-0.012728639660150852
694,7.0,log2,256.0,100,True,0.09184155464172364,-0.01272791595794073
1121,10.0,sqrt,64.0,10,False,0.008693575859069824,-0.012725730020518047
1269,,sqrt,256.0,50,False,0.04421031475067139,-0.012720244942444909
748,7.0,sqrt,128.0,50,True,0.04790499210357666,-0.01270908991282675
658,7.0,log2,16.0,25,True,0.021660351753234865,-0.01270423356017384
932,9.0,log2,64.0,50,True,0.04520394802093506,-0.012684641221394458
1135,10.0,sqrt,128.0,100,False,0.08613605499267578,-0.012675663688331645
956,9.0,log2,,50,True,0.04581618309020996,-0.012671581591525014
742,7.0,sqrt,64.0,100,True,0.08681542873382568,-0.012670160912378733
1150,10.0,sqrt,,100,True,0.09116146564483643,-0.012664558539932107
682,7.0,log2,128.0,25,True,0.02361619472503662,-0.012663111661829719
1260,,sqrt,128.0,50,True,0.04775216579437256,-0.012663074486509213
916,9.0,log2,16.0,50,True,0.042114090919494626,-0.012661336510830463
855,8.0,sqrt,16.0,100,False,0.07607314586639405,-0.012658473254431332
935,9.0,log2,64.0,100,False,0.08253779411315917,-0.012649242909175417
980,9.0,sqrt,16.0,50,True,0.04429781436920166,-0.012646979484735874
1133,10.0,sqrt,128.0,50,False,0.0460036039352417,-0.012633859618158673
724,7.0,sqrt,16.0,50,True,0.04229238033294678,-0.0126312278321473
1206,,log2,256.0,100,True,0.0922231674194336,-0.012626842428973545
799,8.0,log2,32.0,100,False,0.07910234928131103,-0.012619720900367717
1085,10.0,log2,,50,False,0.04349606037139893,-0.012612731801912863
1010,9.0,sqrt,256.0,25,True,0.02445518970489502,-0.012604435201351395
498,5.0,sqrt,256.0,25,True,0.021917343139648438,-0.012601650671705166
854,8.0,sqrt,16.0,100,True,0.08559491634368896,-0.012594519657651088
1140,10.0,sqrt,256.0,50,True,0.046904993057250974,-0.012587880308395479
1147,10.0,sqrt,,25,False,0.022200846672058107,-0.012585483870530257
807,8.0,log2,64.0,100,False,0.0826556921005249,-0.012571740455010263
592,6.0,sqrt,16.0,10,True,0.009148311614990235,-0.012557968444743089
622,6.0,sqrt,128.0,100,True,0.08859307765960693,-0.012542894979208205
863,8.0,sqrt,32.0,100,False,0.08012912273406983,-0.012541984183131037
949,9.0,log2,256.0,50,False,0.045279645919799806,-0.012541976000171458
1070,10.0,log2,128.0,100,True,0.09104626178741455,-0.012541484493104172
1086,10.0,log2,,100,True,0.09027645587921143,-0.01254067946501335
882,8.0,sqrt,256.0,25,True,0.024345207214355468,-0.012530551814586453
1015,9.0,sqrt,256.0,100,False,0.08602831363677979,-0.012529845221806118
558,6.0,log2,128.0,100,True,0.08612961769104004,-0.012510786122758702
548,6.0,log2,64.0,50,True,0.045911312103271484,-0.012508134304278572
672,7.0,log2,64.0,10,True,0.009370756149291993,-0.012507990004468226
535,6.0,log2,16.0,100,False,0.07753605842590332,-0.012503692802616106
1232,,sqrt,16.0,10,True,0.009048128128051757,-0.012498868633350079
740,7.0,sqrt,64.0,50,True,0.045046114921569826,-0.012495289293051414
1012,9.0,sqrt,256.0,50,True,0.04749321937561035,-0.012489720197349926
1183,,log2,32.0,100,False,0.07963616847991943,-0.012485509823197492
858,8.0,sqrt,32.0,25,True,0.022779369354248048,-0.012485093346925585
679,7.0,log2,64.0,100,False,0.0844733476638794,-0.01248248052839344
620,6.0,sqrt,128.0,50,True,0.04532256126403809,-0.012480871541069968
1151,10.0,sqrt,,100,False,0.08440899848937988,-0.012476935790930612
777,8.0,log2,8.0,10,False,0.008959221839904784,-0.012459780235933983
1112,10.0,sqrt,32.0,10,True,0.009264874458312988,-0.012451645359114426
1266,,sqrt,256.0,25,True,0.024794578552246094,-0.012441241123257254
1179,,log2,32.0,25,False,0.021234869956970215,-0.012438400321657151
1142,10.0,sqrt,256.0,100,True,0.09254095554351807,-0.01242873670281935
1106,10.0,sqrt,16.0,25,True,0.021417951583862303,-0.012421910359255233
1188,,log2,64.0,50,True,0.044787025451660155,-0.012413211675785067
1054,10.0,log2,32.0,100,True,0.08668711185455322,-0.012411934575386283
1014,9.0,sqrt,256.0,100,True,0.09307286739349366,-0.012408231670052552
1071,10.0,log2,128.0,100,False,0.08578996658325196,-0.01240710773047417
934,9.0,log2,64.0,100,True,0.08871419429779052,-0.012406133323926831
750,7.0,sqrt,128.0,100,True,0.09263648986816406,-0.012403883292661984
1063,10.0,log2,64.0,100,False,0.08325614929199218,-0.012400691997043925
1123,10.0,sqrt,64.0,25,False,0.0220792293548584,-0.012388131638226989
759,7.0,sqrt,256.0,100,False,0.08441596031188965,-0.012385199253999519
1148,10.0,sqrt,,50,True,0.04611086845397949,-0.012353244036106568
1143,10.0,sqrt,256.0,100,False,0.08702809810638427,-0.01234489167666234
1105,10.0,sqrt,16.0,10,False,0.007752919197082519,-0.012343687774654439
1276,,sqrt,,50,True,0.048092770576477054,-0.012327450947516838
1234,,sqrt,16.0,25,True,0.022521209716796876,-0.012311234101102212
671,7.0,log2,32.0,100,False,0.07927131652832031,-0.012304348497695614
689,7.0,log2,256.0,10,False,0.008686232566833495,-0.01229034366868258
615,6.0,sqrt,64.0,100,False,0.08208932876586914,-0.012281563749095219
1202,,log2,256.0,25,True,0.024188518524169922,-0.01227457358277047
810,8.0,log2,128.0,25,True,0.02358837127685547,-0.01227233503557716
1139,10.0,sqrt,256.0,25,False,0.021856284141540526,-0.012269726845880579
1131,10.0,sqrt,128.0,25,False,0.023361778259277342,-0.012268731952136154
1061,10.0,log2,64.0,50,False,0.04316823482513428,-0.01226665967093489
1205,,log2,256.0,50,False,0.04420814514160156,-0.012261842767418846
796,8.0,log2,32.0,50,True,0.04517514705657959,-0.012241788863453928
666,7.0,log2,32.0,25,True,0.022197437286376954,-0.012227448706538191
729,7.0,sqrt,32.0,10,False,0.008192825317382812,-0.012226046653442322
676,7.0,log2,64.0,50,True,0.045116972923278806,-0.012223776448171506
1087,10.0,log2,,100,False,0.0853391170501709,-0.012219921849903607
1246,,sqrt,32.0,100,True,0.08506674766540527,-0.012212694162779593
1191,,log2,64.0,100,False,0.08237359523773194,-0.012209842085215793
604,6.0,sqrt,32.0,50,True,0.04478466510772705,-0.012200510959733101
1212,,log2,,50,True,0.04791617393493652,-0.012181268016971546
1243,,sqrt,32.0,25,False,0.02107236385345459,-0.012168435398495455
1118,10.0,sqrt,32.0,100,True,0.08432416915893555,-0.012148575897006159
827,8.0,log2,,25,False,0.021007204055786134,-0.012148385778989638
806,8.0,log2,64.0,100,True,0.08691182136535644,-0.012147993621592655
687,7.0,log2,128.0,100,False,0.08538274765014649,-0.012143439845842
990,9.0,sqrt,32.0,100,True,0.08510808944702149,-0.012141687316108601
823,8.0,log2,256.0,100,False,0.08428587913513183,-0.012109557192080745
765,7.0,sqrt,,50,False,0.04302890300750732,-0.012097415971789602
942,9.0,log2,128.0,100,True,0.09129204750061035,-0.012088570677920234
1020,9.0,sqrt,,50,True,0.04763929843902588,-0.012088378244788301
820,8.0,log2,256.0,50,True,0.04581615924835205,-0.01207103124463349
1138,10.0,sqrt,256.0,25,True,0.02337772846221924,-0.012062595195743478
1149,10.0,sqrt,,50,False,0.043905329704284665,-0.012053505673499753
700,7.0,log2,,50,True,0.043805694580078124,-0.012049592649678005
887,8.0,sqrt,256.0,100,False,0.08584792613983154,-0.012040065703116583
998,9.0,sqrt,64.0,100,True,0.09000618457794189,-0.012035776853899404
1111,10.0,sqrt,16.0,100,False,0.07728168964385987,-0.012013799699799758
1146,10.0,sqrt,,25,True,0.024110579490661622,-0.012011889022751467
813,8.0,log2,128.0,50,False,0.04320030212402344,-0.011996998421279149
1215,,log2,,100,False,0.09057660102844238,-0.011991409343993896
684,7.0,log2,128.0,50,True,0.045385193824768064,-0.011984277476971854
948,9.0,log2,256.0,50,True,0.047010493278503415,-0.011962972178239127
482,5.0,sqrt,64.0,25,True,0.022400426864624023,-0.011953995268654422
1275,,sqrt,,25,False,0.02315807342529297,-0.011896595288053013
923,9.0,log2,32.0,25,False,0.020618534088134764,-0.011883578044312813
1117,10.0,sqrt,32.0,50,False,0.0403003454208374,-0.011863201764433047
1253,,sqrt,64.0,50,False,0.042326498031616214,-0.011850979327819545
951,9.0,log2,256.0,100,False,0.08499038219451904,-0.011843918877816146
1279,,sqrt,,100,False,0.08431143760681152,-0.011823826115453823
861,8.0,sqrt,32.0,50,False,0.041109776496887206,-0.01182093117383825
1058,10.0,log2,64.0,25,True,0.023796463012695314,-0.011816463772897056
749,7.0,sqrt,128.0,50,False,0.04266278743743897,-0.011796487618749895
1271,,sqrt,256.0,100,False,0.08866958618164063,-0.011786915075289305
1209,,log2,,10,False,0.008478903770446777,-0.011782491370879706
1263,,sqrt,128.0,100,False,0.08853862285614014,-0.01176657727324907
862,8.0,sqrt,32.0,100,True,0.0859708309173584,-0.01176590626877402
626,6.0,sqrt,256.0,25,True,0.023872780799865722,-0.011691400939196354
728,7.0,sqrt,32.0,10,True,0.009662246704101563,-0.01155480013164775
1203,,log2,256.0,25,False,0.022472119331359862,-0.011554282141862734
760,7.0,sqrt,,10,True,0.009304046630859375,-0.01154142844245639
977,9.0,sqrt,16.0,10,False,0.008431553840637207,-0.011533247806372666
1185,,log2,64.0,10,False,0.009225964546203613,-0.011500178447359104
929,9.0,log2,64.0,10,False,0.010115337371826173,-0.011435915716281027
883,8.0,sqrt,256.0,25,False,0.023286271095275878,-0.011342823237696599
1201,,log2,256.0,10,False,0.008794379234313966,-0.011334796905577779
794,8.0,log2,32.0,25,True,0.0223862886428833,-0.011326604721048858
933,9.0,log2,64.0,50,False,0.04226863384246826,-0.011319253208490128
699,7.0,log2,,25,False,0.020852017402648925,-0.011318883726251039
925,9.0,log2,32.0,50,False,0.0409360408782959,-0.011280761768178663
1181,,log2,32.0,50,False,0.0408919095993042,-0.011133634949991849
1274,,sqrt,,25,True,0.024172115325927734,-0.011023697064169525
691,7.0,log2,256.0,25,False,0.021945977210998537,-0.010997883961226742
1002,9.0,sqrt,128.0,25,True,0.023876476287841796,-0.010869568905590625
